source_url,dest_url
https://static.wixstatic.com/media/d9828b_0056bff3d32f4db2a46f43d8b7b63d55~mv2.jpg,https://static.wixstatic.com/media/64b604_18bb2d5c3f16494e856ce9bfcdc650ae~mv2.jpeg
https://static.wixstatic.com/media/d9828b_01644bc90254440f817a801e0691ebf4~mv2.jpg,https://static.wixstatic.com/media/64b604_5a3357e7101e43e99316bfa0598e2280~mv2.jpeg
https://static.wixstatic.com/media/d9828b_01b94cbe3c0842ccbb173fe1f976f179~mv2.jpg,https://static.wixstatic.com/media/64b604_efeac8a1070d4ab38e4853aeb6e4dc1c~mv2.jpeg
https://static.wixstatic.com/media/d9828b_023b78c0d63b4711964575e67762f01e~mv2.jpg,https://static.wixstatic.com/media/64b604_4fd2c4003a3b4d7f99f1cc7c3ba22195~mv2.jpeg
https://static.wixstatic.com/media/d9828b_025296d583e74af7ac8a65df4988b3fc~mv2.jpg,https://static.wixstatic.com/media/64b604_36956581c39349e79c8cf1be3783dccf~mv2.jpeg
https://static.wixstatic.com/media/d9828b_02f08a8aa68c41b1bc124e8650c5b0fe~mv2.jpg,https://static.wixstatic.com/media/64b604_bc2806c15c8f4cd1ac171bb8a0cb998c~mv2.jpeg
https://static.wixstatic.com/media/d9828b_032f9a1600254d6088b0b2508004a788~mv2.jpg,https://static.wixstatic.com/media/64b604_17e3b3e3f4844a67a8046e32f142c666~mv2.jpeg
https://static.wixstatic.com/media/d9828b_0386534e6ce74270956bb843454646c4~mv2.jpg,https://static.wixstatic.com/media/64b604_c24ebff2e9654ddba286a8d1052099c2~mv2.jpeg
https://static.wixstatic.com/media/d9828b_03a0230f31954871b4ecfe86fb454f18~mv2.jpg,https://static.wixstatic.com/media/64b604_8c11c7711a4e41ce87b9ccee33b296a8~mv2.jpeg
https://static.wixstatic.com/media/d9828b_03a48834fa684edd9196e84fdb2b8e58~mv2.jpg,https://static.wixstatic.com/media/64b604_d30b82c8883f4362b84501e993efbe46~mv2.jpeg
https://static.wixstatic.com/media/d9828b_03ca04e83eca4ac3b0bea8b650001d7b~mv2.jpg,https://static.wixstatic.com/media/64b604_65676048f3da40fd9d675061bd7843ba~mv2.jpeg
https://static.wixstatic.com/media/d9828b_04291b783c8248798a3bf06e244f1882~mv2.jpg,https://static.wixstatic.com/media/64b604_21b66ed645eb41738ff2fab4e7174efe~mv2.jpeg
https://static.wixstatic.com/media/d9828b_045363138ce2426e89a800c8e2114e94~mv2.jpg,https://static.wixstatic.com/media/64b604_ac41dce8b4064e25a1ffa6aef6459acd~mv2.jpeg
https://static.wixstatic.com/media/d9828b_04b0ed448dd743c8ad251ab412aefcfe~mv2.jpg,https://static.wixstatic.com/media/64b604_2cdecfe6f141479ba1979a1c03cf4f66~mv2.jpeg
https://static.wixstatic.com/media/d9828b_04c804fbbfe245fda20fe7b9f50c84e9~mv2.jpg,https://static.wixstatic.com/media/64b604_6f4b7569354f439ba8d809464d31a91f~mv2.jpeg
https://static.wixstatic.com/media/d9828b_05174e141cef4bf081405497fdf8dc25~mv2.jpg,https://static.wixstatic.com/media/64b604_e1f81fb0d29549e4bb66e822ab5ec4dc~mv2.jpeg
https://static.wixstatic.com/media/d9828b_05510262e0c14ae693bd5d0b0cf1a7a0~mv2.jpg,https://static.wixstatic.com/media/64b604_7c6405bee4d746bba68229ba22e6d761~mv2.jpeg
https://static.wixstatic.com/media/d9828b_057825d0fa9b4b749e4265cf0474c194~mv2.jpg,https://static.wixstatic.com/media/64b604_55fc9e47502d413ebaafc30933dc4b9c~mv2.jpeg
https://static.wixstatic.com/media/d9828b_058e61ed16f94ee9a9575001d3006eee~mv2.jpg,https://static.wixstatic.com/media/64b604_d625caddfa3f474fadf462e59e003ea9~mv2.jpeg
https://static.wixstatic.com/media/d9828b_05ad58532e27485ca8d346b546c9e42c~mv2.jpg,https://static.wixstatic.com/media/64b604_2028de1882f043fa91166b7e23bd908a~mv2.jpeg
https://static.wixstatic.com/media/d9828b_05b2e800c75146f39a2873e569872fa5~mv2.jpg,https://static.wixstatic.com/media/64b604_9166eaab765148018452bbb78c48336e~mv2.jpeg
https://static.wixstatic.com/media/d9828b_0615d1021d124ecbabd381beeff07cbf~mv2.jpg,https://static.wixstatic.com/media/64b604_c32f41e5fbaa4e15a5f38da992a36361~mv2.jpeg
https://static.wixstatic.com/media/d9828b_06275a48b7c44ddcb68c2548a658da06~mv2.jpg,https://static.wixstatic.com/media/64b604_d50486bd39f541d0829ad48d9624fc36~mv2.jpeg
https://static.wixstatic.com/media/d9828b_063a4c82ac584b21bf73a2a87f4af450~mv2.jpg,https://static.wixstatic.com/media/64b604_490bd06df24643f7b3ffb7208c97ef59~mv2.jpeg
https://static.wixstatic.com/media/d9828b_064c133466734212ba0153b2db7d1fab~mv2.jpg,https://static.wixstatic.com/media/64b604_b13f68bcb3db4f7a9b09e4b26b3a15e7~mv2.jpeg
https://static.wixstatic.com/media/d9828b_06a44a5bbcd446b7ab70236926430763~mv2.jpg,https://static.wixstatic.com/media/64b604_596c6c26f4e641e5979875b19c47b5b6~mv2.jpeg
https://static.wixstatic.com/media/d9828b_07563371c1964c51ab9cb113f331e58c~mv2.jpg,https://static.wixstatic.com/media/64b604_632e0ac1f40e4d93891ebb44133646cd~mv2.jpeg
https://static.wixstatic.com/media/d9828b_077a3a166d6c431ea1a92d4ae9476d10~mv2.jpg,https://static.wixstatic.com/media/64b604_369a2d3cbcc84dff8b822dba176119d8~mv2.jpeg
https://static.wixstatic.com/media/d9828b_07ba3359a2ac44529e1b1af1ebeb4f73~mv2.jpg,https://static.wixstatic.com/media/64b604_f9eabb30b1934ac49409d1fc7d8a92e1~mv2.jpeg
https://static.wixstatic.com/media/d9828b_07da0bd6bce9433ba9e962dcd262aae9~mv2.jpg,https://static.wixstatic.com/media/64b604_86941823913c46e3b2e471f6084063fa~mv2.jpeg
https://static.wixstatic.com/media/d9828b_080ec504af5f4b4a98311d4363df63d3~mv2.jpg,https://static.wixstatic.com/media/64b604_4983b50e50dc4aceb8d9393fd4c195d0~mv2.jpeg
https://static.wixstatic.com/media/d9828b_082b9802ca7047bba2e8a44fc7f394d8~mv2.jpg,https://static.wixstatic.com/media/64b604_21432030b0ac4124890db74176045bdd~mv2.jpeg
https://static.wixstatic.com/media/d9828b_088161bda5214f48acd4ab57b7096275~mv2.jpg,https://static.wixstatic.com/media/64b604_dba72948e94947c8aac30e35ef65dd30~mv2.jpeg
https://static.wixstatic.com/media/d9828b_08c75705d2dc4578bf306df07fea5267~mv2.jpg,https://static.wixstatic.com/media/64b604_d82c429578a84cabac3d9d466c7c6a7e~mv2.jpeg
https://static.wixstatic.com/media/d9828b_08f08d2c92e549cf944b0fd700b45541~mv2.jpg,https://static.wixstatic.com/media/64b604_7920b65b467346cc8ea0c9e0b8924f70~mv2.jpeg
https://static.wixstatic.com/media/d9828b_091a27f145224f20a2c943abfcb46cb0~mv2.jpg,https://static.wixstatic.com/media/64b604_e77a1f89e7a444849f7229989ae18d81~mv2.jpeg
https://static.wixstatic.com/media/d9828b_0930d65a6b3a41e183767bf9dd63842e~mv2.jpg,https://static.wixstatic.com/media/64b604_1ff01b1be91c45b586c7f02b202f6796~mv2.jpeg
https://static.wixstatic.com/media/d9828b_099a197094784b3583f2e7e6d69b56ff~mv2.jpg,https://static.wixstatic.com/media/64b604_83668c1736094ee18ffd217d351946a3~mv2.jpeg
https://static.wixstatic.com/media/d9828b_0a218d30146247deaa6841152dd6a651~mv2.jpg,https://static.wixstatic.com/media/64b604_204a0bb2c592496e90b58d9eaca2e431~mv2.jpeg
https://static.wixstatic.com/media/d9828b_0a517ff7a03744f8822d8b3dc885f8ea~mv2.jpg,https://static.wixstatic.com/media/64b604_f31501c3d0ad4f56919707c758b7d21e~mv2.jpeg
https://static.wixstatic.com/media/d9828b_0a83680bf27642598f25c1e7a4b6338f~mv2.jpg,https://static.wixstatic.com/media/64b604_7c60a98272d94fcfb3f36a58fba513fa~mv2.jpeg
https://static.wixstatic.com/media/d9828b_0aca94d372fb4ca3933399860350bca1~mv2.jpg,https://static.wixstatic.com/media/64b604_61cf59268f2940fcbf60267d5faa5f48~mv2.jpeg
https://static.wixstatic.com/media/d9828b_0b3cfcf2ce1b45858906bd7ab95d890d~mv2.jpg,https://static.wixstatic.com/media/64b604_d7b8010e70244b46b7156a193b0f9f00~mv2.jpeg
https://static.wixstatic.com/media/d9828b_0b79e1ad7f2643868cdfc31a62db4687~mv2.jpg,https://static.wixstatic.com/media/64b604_167d55345f60451f853b6df5129a3822~mv2.jpeg
https://static.wixstatic.com/media/d9828b_0b7b81d68b67485d81bf5b0bb473eb6a~mv2.jpg,https://static.wixstatic.com/media/64b604_f5a6017dd44249a9a7375375267c9c99~mv2.jpeg
https://static.wixstatic.com/media/d9828b_0bbf9e3da64f46f996c1f7dc083409ed~mv2.jpg,https://static.wixstatic.com/media/64b604_dfed9aa1122e44049b18d2c812dd04d0~mv2.jpeg
https://static.wixstatic.com/media/d9828b_0bd8ab10a9c64d30875592f32ba8ff45~mv2.jpg,https://static.wixstatic.com/media/64b604_03e54f828cf9460f8f88c424b6a978ee~mv2.jpeg
https://static.wixstatic.com/media/d9828b_0c26666bf12548968f2e75e87415d05f~mv2.jpg,https://static.wixstatic.com/media/64b604_78abccc1e2ce48bab3a612b8dfb23c74~mv2.jpeg
https://static.wixstatic.com/media/d9828b_0c5369f1a6824e5492591c604db19b2d~mv2.jpg,https://static.wixstatic.com/media/64b604_49ff04def6064f378f3041c856ae54b2~mv2.jpeg
https://static.wixstatic.com/media/d9828b_0cd71d00ed2c48bda6277b0b91d564ed~mv2.jpg,https://static.wixstatic.com/media/64b604_e7f2e0d66f6c49e599ee1f433aa20fff~mv2.jpeg
https://static.wixstatic.com/media/d9828b_0d488f0320df4914ab8c7476c4d16fe4~mv2.jpg,https://static.wixstatic.com/media/64b604_e8b01f7396d043c88a588e863aee0a04~mv2.jpeg
https://static.wixstatic.com/media/d9828b_0d4f38184b604a2b8beff132fb80f505~mv2.jpg,https://static.wixstatic.com/media/64b604_41fa6309ea914a0db241e8d0232ee6c0~mv2.jpeg
https://static.wixstatic.com/media/d9828b_0d92a9b6f6f0423c94bd3e7c1e791913~mv2.jpg,https://static.wixstatic.com/media/64b604_aa41f41c304d407fb746142e781d74a0~mv2.jpeg
https://static.wixstatic.com/media/d9828b_0db2c8ebfef24bf4be09ee1fa3eefcb7~mv2.jpg,https://static.wixstatic.com/media/64b604_e5a32dbdceef443ebde5a5722b0dbb59~mv2.jpeg
https://static.wixstatic.com/media/d9828b_0e08866f292246639cf037cdf86206d5~mv2.jpg,https://static.wixstatic.com/media/64b604_ec585eeb88b64928ae6c7bed20a000b5~mv2.jpeg
https://static.wixstatic.com/media/d9828b_0e456d8fce82487d865db7d5f91cc73d~mv2.jpg,https://static.wixstatic.com/media/64b604_5ecd9b24cfa6498985a0d6711a4afbac~mv2.jpeg
https://static.wixstatic.com/media/d9828b_0ff07cb2e9b342969e528ef0f014acd2~mv2.jpg,https://static.wixstatic.com/media/64b604_a834953ee696493a821e56610b3d429e~mv2.jpeg
https://static.wixstatic.com/media/d9828b_1010597882cf46a2b5e71ae50bbaecaa~mv2.jpg,https://static.wixstatic.com/media/64b604_a1a05f6016f84944a87009b265fce3a3~mv2.jpeg
https://static.wixstatic.com/media/d9828b_10b0b23bc159436dac64204e2a2e02bf~mv2.jpg,https://static.wixstatic.com/media/64b604_0d8188dfec7f4112bdf81099b439cdfb~mv2.jpeg
https://static.wixstatic.com/media/d9828b_10be6e16920f4ec492f9098eba977f9c~mv2.jpg,https://static.wixstatic.com/media/64b604_a781c941afe14cd18c27ef1acfbbc6c5~mv2.jpeg
https://static.wixstatic.com/media/d9828b_10ff7a967f564de3a4c27c01a16dd1da~mv2.jpg,https://static.wixstatic.com/media/64b604_cf7cb51b1d9548a99a5bb008ac6941c9~mv2.jpeg
https://static.wixstatic.com/media/d9828b_1189f9070c694bdd9220149baa9745d0~mv2.jpg,https://static.wixstatic.com/media/64b604_251410c6b4e44dbeaae55a3a6ec3961d~mv2.jpeg
https://static.wixstatic.com/media/d9828b_11f4d32902944520932fc1d15eb7649a~mv2.jpg,https://static.wixstatic.com/media/64b604_e5b691f1f8ef433dad4b5f594b9dd022~mv2.jpeg
https://static.wixstatic.com/media/d9828b_12b24248d0d543028e3b5714f9f3ae6f~mv2.jpg,https://static.wixstatic.com/media/64b604_73e39602e30746d89f11c9b2249c7dcc~mv2.jpeg
https://static.wixstatic.com/media/d9828b_12c020938651419ab6cda114ac0f6067~mv2.jpg,https://static.wixstatic.com/media/64b604_2ec983e4267149408f1cd3ceaa975bf3~mv2.jpeg
https://static.wixstatic.com/media/d9828b_12f9ec1e50524770b3af947fe6ae3f66~mv2.jpg,https://static.wixstatic.com/media/64b604_500be10e39144bc48f95aa9a40a39891~mv2.jpeg
https://static.wixstatic.com/media/d9828b_13451ed4cda542c1a8f48287b551b930~mv2.jpg,https://static.wixstatic.com/media/64b604_eb52e4d9ca8c4c888db787b8bdc4f9aa~mv2.jpeg
https://static.wixstatic.com/media/d9828b_13d46c916ea8459bb4b54c914d03479b~mv2.jpg,https://static.wixstatic.com/media/64b604_972335dc7bb5489384289f24ab543322~mv2.jpeg
https://static.wixstatic.com/media/d9828b_1421de1eaa624872826ddf8b5ffbe94b~mv2.jpg,https://static.wixstatic.com/media/64b604_8920c0d5939c4df1865dd9736b4fc153~mv2.jpeg
https://static.wixstatic.com/media/d9828b_1457747c0e1c41e493c590415ec33b90~mv2.jpg,https://static.wixstatic.com/media/64b604_12edf9d4c7814baa96b0b5322d1c4667~mv2.jpeg
https://static.wixstatic.com/media/d9828b_15061a07e3a44120831f1ae5134c083d~mv2.jpg,https://static.wixstatic.com/media/64b604_5334e68d6aad42728ac068319151a2de~mv2.jpeg
https://static.wixstatic.com/media/d9828b_156f374e7ab54675a7bb2680b21121b6~mv2.jpg,https://static.wixstatic.com/media/64b604_2cdd4587044a4e9c88458324a42a98a6~mv2.jpeg
https://static.wixstatic.com/media/d9828b_15ad8c4a4f2a49899386a4d34ba1a8c6~mv2.jpg,https://static.wixstatic.com/media/64b604_27cce962f2dc43fdbdb606c1257ed6c4~mv2.jpeg
https://static.wixstatic.com/media/d9828b_15e5bc6ee5904890b5637787f22fdbdb~mv2.jpg,https://static.wixstatic.com/media/64b604_197d16a1a1354cfbae3635430d5c32f8~mv2.jpeg
https://static.wixstatic.com/media/d9828b_15fe66da9f8b4c8bb2c443a8b52632c5~mv2.jpg,https://static.wixstatic.com/media/64b604_ce4ffabcfa754ddf829e6773bf293a15~mv2.jpeg
https://static.wixstatic.com/media/d9828b_164e128a8f8c4de0a68646f0911fae09~mv2.jpg,https://static.wixstatic.com/media/64b604_2006be719a834de78a375ebf855685f8~mv2.jpeg
https://static.wixstatic.com/media/d9828b_1678b9ddf7ef4f6ba5584ee6d2eb9de5~mv2.jpg,https://static.wixstatic.com/media/64b604_869c688f63bf45ae9cbb6b77a7c1830e~mv2.jpeg
https://static.wixstatic.com/media/d9828b_16d66f9d80f5419d89883ec32e45eec0~mv2.jpg,https://static.wixstatic.com/media/64b604_4af61f93e86542dfb91dac6ad0d0992a~mv2.jpeg
https://static.wixstatic.com/media/d9828b_16f5e16ef3e748d6974a9dca3ce70d10~mv2.jpg,https://static.wixstatic.com/media/64b604_99259d40c0c1416ca7a2e39dc1f7276a~mv2.jpeg
https://static.wixstatic.com/media/d9828b_173602d244544b4dba40ea66bd6e3d2b~mv2.jpg,https://static.wixstatic.com/media/64b604_94638c32df66416ebf3163673576a79d~mv2.jpeg
https://static.wixstatic.com/media/d9828b_176b2da33c214ddd98a843e15794e7aa~mv2.jpg,https://static.wixstatic.com/media/64b604_3728148fe314442fb17ce5b6b4eec86f~mv2.jpeg
https://static.wixstatic.com/media/d9828b_17b9678080f64d8f91db5cf9f785f211~mv2.jpg,https://static.wixstatic.com/media/64b604_31fefb5624a54cf68d1995996fbfac89~mv2.jpeg
https://static.wixstatic.com/media/d9828b_17bb58da5764443f82f3ee1ced6fbee3~mv2.jpg,https://static.wixstatic.com/media/64b604_8e7fb6aeba6f42a1bae14e884ca86cec~mv2.jpeg
https://static.wixstatic.com/media/d9828b_182f94ca46684c16bb25674b71457430~mv2.jpg,https://static.wixstatic.com/media/64b604_bc41c000832947e8a056f9091bcb7714~mv2.jpeg
https://static.wixstatic.com/media/d9828b_185d9f8281294854aa4126f42eeeb29c~mv2.jpg,https://static.wixstatic.com/media/64b604_90097da633c1447e9bb9479e77d5f243~mv2.jpeg
https://static.wixstatic.com/media/d9828b_198ed9a80d124cd38aea6e7b94d35d1a~mv2.jpg,https://static.wixstatic.com/media/64b604_fd3bcb8da39140ea9bff08efa0a77f45~mv2.jpeg
https://static.wixstatic.com/media/d9828b_1a21a12c038840fd87251fee0ce12ca7~mv2.jpg,https://static.wixstatic.com/media/64b604_d3a2d2b29f2b4944a65f9531a9fe79d7~mv2.jpeg
https://static.wixstatic.com/media/d9828b_1a5c7ff4bc3147a694acecca74cd4b9f~mv2.jpg,https://static.wixstatic.com/media/64b604_6818bf4f5c2647ccbe1ff1840b6bf041~mv2.jpeg
https://static.wixstatic.com/media/d9828b_1a759132191d45808ff36146d8d70658~mv2.jpg,https://static.wixstatic.com/media/64b604_36607208da0f490c878bd1d6d46629c1~mv2.jpeg
https://static.wixstatic.com/media/d9828b_1aa312035d1c4e5a838470a769d2fdd1~mv2.jpg,https://static.wixstatic.com/media/64b604_b0cab118c114438d809c1404d4dbf051~mv2.jpeg
https://static.wixstatic.com/media/d9828b_1ac385d0257a4e3087304d25e0e2ecf3~mv2.jpg,https://static.wixstatic.com/media/64b604_bcc3f995250f481e86f84420d174a4da~mv2.jpeg
https://static.wixstatic.com/media/d9828b_1aeab20eb7014eafa683790790910a39~mv2.jpg,https://static.wixstatic.com/media/64b604_56d50afcf2504c01aa6c71dce792af91~mv2.jpeg
https://static.wixstatic.com/media/d9828b_1af085b70b7c4019b7a0084401208432~mv2.jpg,https://static.wixstatic.com/media/64b604_d8a38f33b0324527b2aebd08f9159390~mv2.jpeg
https://static.wixstatic.com/media/d9828b_1af8c95210e4422d99f1e836972335e8~mv2.jpg,https://static.wixstatic.com/media/64b604_4bdce4b851ff484ba2671dac38e0d28e~mv2.jpeg
https://static.wixstatic.com/media/d9828b_1afd315e6297401c8e7a145e3a1eecea~mv2.jpg,https://static.wixstatic.com/media/64b604_d67029194afb4b59bdb03c8167912fcb~mv2.jpeg
https://static.wixstatic.com/media/d9828b_1b4c41145eae4514b55b56467aae3818~mv2.jpg,https://static.wixstatic.com/media/64b604_e7fd5bfc373042898b4fe3a1ad55ed40~mv2.jpeg
https://static.wixstatic.com/media/d9828b_1b8c021139304b70b5ad712797ef552c~mv2.jpg,https://static.wixstatic.com/media/64b604_c65965cb59564166b4b31fbfec860103~mv2.jpeg
https://static.wixstatic.com/media/d9828b_1bbc51bdb31744bf96500a43534c3d4c~mv2.jpg,https://static.wixstatic.com/media/64b604_6b727273c8ea44d0bbd95920f8393ac0~mv2.jpeg
https://static.wixstatic.com/media/d9828b_1c38001509724112aba3c97aa16854a3~mv2.jpg,https://static.wixstatic.com/media/64b604_0b7abf1f701f48ba81f29398e6198169~mv2.jpeg
https://static.wixstatic.com/media/d9828b_1c51f1c90f5742189ac87d2aa597629e~mv2.jpg,https://static.wixstatic.com/media/64b604_572885e717ff49048d661d072cb2afc7~mv2.jpeg
https://static.wixstatic.com/media/d9828b_1d0e88b9a2794b6fa95a3ad96fcdc37d~mv2.jpg,https://static.wixstatic.com/media/64b604_859495edc14c4b53ae8e574c6b473ce6~mv2.jpeg
https://static.wixstatic.com/media/d9828b_1e080b62ad954b2685be55165ccc5450~mv2.jpg,https://static.wixstatic.com/media/64b604_7c2a0ed587dd403fa9d7b56f9f4fda42~mv2.jpeg
https://static.wixstatic.com/media/d9828b_1e2ed7da484b4c888725dec274c1ec8d~mv2.jpg,https://static.wixstatic.com/media/64b604_ec13da5c46eb47debe6a59eedf407081~mv2.jpeg
https://static.wixstatic.com/media/d9828b_1e9773ad803e4ccb8ac4d1b81f25e5b8~mv2.jpg,https://static.wixstatic.com/media/64b604_81496074fd2e4e369cb065f9388dd19e~mv2.jpeg
https://static.wixstatic.com/media/d9828b_1ee9e7cb6291446496a26e8a70a470f6~mv2.jpg,https://static.wixstatic.com/media/64b604_3114d327b72645fa97eab03f94ebde26~mv2.jpeg
https://static.wixstatic.com/media/d9828b_1f10fb333a6e404f9a4c7f48cf3d5dbc~mv2.jpg,https://static.wixstatic.com/media/64b604_1f90c36167ca49138fdb91cb08899b26~mv2.jpeg
https://static.wixstatic.com/media/d9828b_1f6f2d7bbc0e42abaa2b5bbc34f05fb1~mv2.jpg,https://static.wixstatic.com/media/64b604_75bbf0a444f4432cbb26722148f8b2b9~mv2.jpeg
https://static.wixstatic.com/media/d9828b_1f8d6303053045849e21dfa87af27047~mv2.jpg,https://static.wixstatic.com/media/64b604_a1bbac68f28f42908878404aeab36c4f~mv2.jpeg
https://static.wixstatic.com/media/d9828b_1fb8366800754ac99360d42115394eea~mv2.jpg,https://static.wixstatic.com/media/64b604_2c0ddf54d811490f9719c18128b54fcf~mv2.jpeg
https://static.wixstatic.com/media/d9828b_1fc67972d1d84efb9e044a5abc0e9dc9~mv2.jpg,https://static.wixstatic.com/media/64b604_6c9032bdcab541ebb294afc300d33a36~mv2.jpeg
https://static.wixstatic.com/media/d9828b_1fff20fd36134829aa06d83d5e0f1ac7~mv2.jpg,https://static.wixstatic.com/media/64b604_581bca2917a84a489d8e5a7dc36f0b53~mv2.jpeg
https://static.wixstatic.com/media/d9828b_201bf2f480b04f24bc9193bcf7041522~mv2.jpg,https://static.wixstatic.com/media/64b604_ec66adb6cd3244bdb5d1c60827c09d03~mv2.jpeg
https://static.wixstatic.com/media/d9828b_210bfccb93144c5b8661e37e42788362~mv2.jpg,https://static.wixstatic.com/media/64b604_5be6b63ef0ee4dd2aa753e3f6f1b012f~mv2.jpeg
https://static.wixstatic.com/media/d9828b_2162090d5f5e4f60a5a579bcfb20ef26~mv2.jpg,https://static.wixstatic.com/media/64b604_ec4cd01867174e7096565f7b6bba1c92~mv2.jpeg
https://static.wixstatic.com/media/d9828b_21f91fe062d944c28c2356218df34d3d~mv2.jpg,https://static.wixstatic.com/media/64b604_500ba122d0fd4eafbba476bf5cb8d7a1~mv2.jpeg
https://static.wixstatic.com/media/d9828b_22d75194d1ec430fa67926f88a8366eb~mv2.jpg,https://static.wixstatic.com/media/64b604_924ad40d69254b89b550bed165ea0caa~mv2.jpeg
https://static.wixstatic.com/media/d9828b_2338cfc4683342e0a78a256db9e53094~mv2.jpg,https://static.wixstatic.com/media/64b604_0160deacd6bc4cd7879a3070531761d7~mv2.jpeg
https://static.wixstatic.com/media/d9828b_23633a1a37854a4ebd5307a6fc77be89~mv2.jpg,https://static.wixstatic.com/media/64b604_1e6ac3899ebf42a6bb1c82e6c16b2d11~mv2.jpeg
https://static.wixstatic.com/media/d9828b_238f3083474c476aa23627bb496c28ed~mv2.jpg,https://static.wixstatic.com/media/64b604_e11623211d08446e8d2ce03562723dda~mv2.jpeg
https://static.wixstatic.com/media/d9828b_23af165e7bf94230b05cf9f072f8b758~mv2.jpg,https://static.wixstatic.com/media/64b604_1f9488ac94d44c69a799c1406c9690b3~mv2.jpeg
https://static.wixstatic.com/media/d9828b_23b23b8fddc4476fb9e013af1d08a24e~mv2.jpg,https://static.wixstatic.com/media/64b604_81963db5c04543fb92bf6d3ba6f775c2~mv2.jpeg
https://static.wixstatic.com/media/d9828b_23da1c2552c6437eb66222ffbfbb73d7~mv2.jpg,https://static.wixstatic.com/media/64b604_e45ad05d4d884167993324dd9608ecd5~mv2.jpeg
https://static.wixstatic.com/media/d9828b_243b20e1cd1e402ebcee2fa078561a2a~mv2.jpg,https://static.wixstatic.com/media/64b604_315d397a2bfb4d448de6d1852b065cee~mv2.jpeg
https://static.wixstatic.com/media/d9828b_248ea9c13ea04e10935fe4aa7be3a0fe~mv2.jpg,https://static.wixstatic.com/media/64b604_ce7bc681d40f440ea823300c44d65709~mv2.jpeg
https://static.wixstatic.com/media/d9828b_24a477c321b7429eabcebd9342809140~mv2.jpg,https://static.wixstatic.com/media/64b604_6e4c5afca63b4bcfa615b2024f0e90b9~mv2.jpeg
https://static.wixstatic.com/media/d9828b_24b66a265be14b0f9cac9105bcb88db9~mv2.jpg,https://static.wixstatic.com/media/64b604_52218d72029043619a6d628b2d8d5f1a~mv2.jpeg
https://static.wixstatic.com/media/d9828b_251d73599b3349c98263851ccb8446a4~mv2.jpg,https://static.wixstatic.com/media/64b604_f4d1c71906af464ab459bb70d6707381~mv2.jpeg
https://static.wixstatic.com/media/d9828b_25765bfed7f045e99d27a67db991126e~mv2.jpg,https://static.wixstatic.com/media/64b604_c784d7e88b5446f295e0a60b5a791d25~mv2.jpeg
https://static.wixstatic.com/media/d9828b_259aec8e046e444aa87315d18c2e9a8a~mv2.jpg,https://static.wixstatic.com/media/64b604_b3cd486bbba14662824b7181ba692dd0~mv2.jpeg
https://static.wixstatic.com/media/d9828b_25e695ca76a2469780359a3ed4e568a4~mv2.jpg,https://static.wixstatic.com/media/64b604_4650779cf7744bb0a03fca2020ff839b~mv2.jpeg
https://static.wixstatic.com/media/d9828b_267a37a567a54dc283a11cf9da243555~mv2.jpg,https://static.wixstatic.com/media/64b604_49556e028ce444e2be2459758da9abf9~mv2.jpeg
https://static.wixstatic.com/media/d9828b_274508ba42a74e96b2838f2f96396b47~mv2.jpg,https://static.wixstatic.com/media/64b604_b97a9a4fecb4480db89795e1eca24969~mv2.jpeg
https://static.wixstatic.com/media/d9828b_27b18ab11ce1490fb7ad169cfd6dc0c0~mv2.jpg,https://static.wixstatic.com/media/64b604_d72d69b61e5f4c4aa5e126c38a8ebfd1~mv2.jpeg
https://static.wixstatic.com/media/d9828b_281c7199a5454d70a728139f8812fbf4~mv2.jpg,https://static.wixstatic.com/media/64b604_3843517fb0ac4df69b122df8465cf7f9~mv2.jpeg
https://static.wixstatic.com/media/d9828b_2822522851e240599541658734bfc88a~mv2.jpg,https://static.wixstatic.com/media/64b604_3b988ccafe3d47e1933398c44bb65ece~mv2.jpeg
https://static.wixstatic.com/media/d9828b_2875f1317572426fb6aa6127d21aff14~mv2.jpg,https://static.wixstatic.com/media/64b604_b8952b92abe44c7083fdb32a9874fe7c~mv2.jpeg
https://static.wixstatic.com/media/d9828b_28bdd1966af7403c9fdf52f701a68bd5~mv2.jpg,https://static.wixstatic.com/media/64b604_6567b2a995fa45ac99ada5767663b902~mv2.jpeg
https://static.wixstatic.com/media/d9828b_291040edcd48400e93c44f2c63e1a70d~mv2.jpg,https://static.wixstatic.com/media/64b604_47f99eedecdd4d05a1e24f7ac8c8d190~mv2.jpeg
https://static.wixstatic.com/media/d9828b_29aff06d39884dca9b3c88a38b405804~mv2.jpg,https://static.wixstatic.com/media/64b604_1cae7764f8c94ec9b9ecfc9b8f92ad41~mv2.jpeg
https://static.wixstatic.com/media/d9828b_2a02eaa4512746138581042f90338edc~mv2.jpg,https://static.wixstatic.com/media/64b604_b2ad22d60fe348d78ff4d3f5408eaa2f~mv2.jpeg
https://static.wixstatic.com/media/d9828b_2a03d7ab7f364f168ef9c370c03a969d~mv2.jpg,https://static.wixstatic.com/media/64b604_c1904fa4e5f94047899694037fd3bffc~mv2.jpeg
https://static.wixstatic.com/media/d9828b_2a3bb9e0bfda44ddabef34cdbc8dc89b~mv2.jpg,https://static.wixstatic.com/media/64b604_2d8f665d8ad34b4197000d83e6f399b1~mv2.jpeg
https://static.wixstatic.com/media/d9828b_2a967defc22f4dbea0c2e30e94aa0f4a~mv2.jpg,https://static.wixstatic.com/media/64b604_0fb2836a511b4b079605cd08b7682064~mv2.jpeg
https://static.wixstatic.com/media/d9828b_2adf4fafebd2407d9c1fd45d66606771~mv2.jpg,https://static.wixstatic.com/media/64b604_78d8a86ab6f14291af3907a3eb60179b~mv2.jpeg
https://static.wixstatic.com/media/d9828b_2af6f49f545d46098eaca3a9968df487~mv2.jpg,https://static.wixstatic.com/media/64b604_99de40ab24a34821843f237847a5c40d~mv2.jpeg
https://static.wixstatic.com/media/d9828b_2b6f3e31df714b23bb76a6c51c8260e1~mv2.jpg,https://static.wixstatic.com/media/64b604_b7dfe8af0fb44fcbb45cdc809e21096c~mv2.jpeg
https://static.wixstatic.com/media/d9828b_2b817f0f71874bc1a52f8e08a2e841c8~mv2.jpg,https://static.wixstatic.com/media/64b604_aedd660a547c4bd0b38aef1bddbccc58~mv2.jpeg
https://static.wixstatic.com/media/d9828b_2bd8cae06dfa4e2f9b1c4b454bcbeb8f~mv2.jpg,https://static.wixstatic.com/media/64b604_a448fb7f2bd34e46beac4e3648c2b38f~mv2.jpeg
https://static.wixstatic.com/media/d9828b_2c22e547ed374c4fb5c5ca41e344f580~mv2.jpg,https://static.wixstatic.com/media/64b604_ef38e9f4076e4210b977651f2ec6d30d~mv2.jpeg
https://static.wixstatic.com/media/d9828b_2cd3b83b7f974e43aa81e6bf86c4c58e~mv2.jpg,https://static.wixstatic.com/media/64b604_03458c1996a846129c4bfe39bc6d7438~mv2.jpeg
https://static.wixstatic.com/media/d9828b_2d042bf8426546098f1a34ffcae268c2~mv2.jpg,https://static.wixstatic.com/media/64b604_6b7066de087042208f5efcfed8c93b61~mv2.jpeg
https://static.wixstatic.com/media/d9828b_2d0bc00fa92c4aa4aa4bb1a3bab6a374~mv2.jpg,https://static.wixstatic.com/media/64b604_420ffecd895f406c9996add2900ac594~mv2.jpeg
https://static.wixstatic.com/media/d9828b_2d4f2849e1f849f193293ebbc54eccb7~mv2.jpg,https://static.wixstatic.com/media/64b604_40faa1ee4a06425a95495d674320adc3~mv2.jpeg
https://static.wixstatic.com/media/d9828b_2d552cf9168f4741b747927451fcf538~mv2.jpg,https://static.wixstatic.com/media/64b604_81981028778342cabb18f06bbfbd7355~mv2.jpeg
https://static.wixstatic.com/media/d9828b_2e573ba1bea249dabbced89100d288af~mv2.jpg,https://static.wixstatic.com/media/64b604_2d309e15dfa64a43a76ea438580fdfea~mv2.jpeg
https://static.wixstatic.com/media/d9828b_3031fe0345cf455aa9edb0c155113245~mv2.jpg,https://static.wixstatic.com/media/64b604_ab0be4f474494d76b8a0db8541d5c809~mv2.jpeg
https://static.wixstatic.com/media/d9828b_303d376c4bf54e3b880b2fcfcb4cef30~mv2.jpg,https://static.wixstatic.com/media/64b604_af23afaa40de4006848ff7c1811fa67d~mv2.jpeg
https://static.wixstatic.com/media/d9828b_3058d28ef3d649caa21225e06d971c3c~mv2.jpg,https://static.wixstatic.com/media/64b604_91fa341c0f694996ba982b834fea28f4~mv2.jpeg
https://static.wixstatic.com/media/d9828b_3072b0dad7a649bc82343da044a59137~mv2.jpg,https://static.wixstatic.com/media/64b604_83ea123e449341278fa57603023d6dd9~mv2.jpeg
https://static.wixstatic.com/media/d9828b_309569caf91a46dcae8e0102e26edad5~mv2.jpg,https://static.wixstatic.com/media/64b604_a7f3e7dd91634e57b6772053ca87c054~mv2.jpeg
https://static.wixstatic.com/media/d9828b_320a3860aaff484aae55e7fb64ad4be2~mv2.jpg,https://static.wixstatic.com/media/64b604_7153a376d00d49319bff5c57c38763ac~mv2.jpeg
https://static.wixstatic.com/media/d9828b_322546c5040b4b549c7e68652ee6ffc5~mv2.jpg,https://static.wixstatic.com/media/64b604_7f080e1470a84cf2b4e97380ea515444~mv2.jpeg
https://static.wixstatic.com/media/d9828b_334cf3c28fd94c54ba69df14166aae60~mv2.jpg,https://static.wixstatic.com/media/64b604_e844e60cdc64471aaf739afdb3dfc286~mv2.jpeg
https://static.wixstatic.com/media/d9828b_3400137e85c947159c6bf4aba96b4e71~mv2.jpg,https://static.wixstatic.com/media/64b604_48f621b5ab38484bb65b3102e531a121~mv2.jpeg
https://static.wixstatic.com/media/d9828b_340eb52bca374f1b8f3bee12bf708b43~mv2.jpg,https://static.wixstatic.com/media/64b604_7e69189496cb483a88b2fd7d2419e140~mv2.jpeg
https://static.wixstatic.com/media/d9828b_3439cc0c510047f2901ca3601c3898c5~mv2.jpg,https://static.wixstatic.com/media/64b604_06fcf6e294cf40488a4c966965e5761a~mv2.jpeg
https://static.wixstatic.com/media/d9828b_3484c11b88334bb0be1efebcb06bdee0~mv2.jpg,https://static.wixstatic.com/media/64b604_868c0ac1a60e4a87baf2e46428481c8a~mv2.jpeg
https://static.wixstatic.com/media/d9828b_349a755f695d40059ee6441da9bd0424~mv2.jpg,https://static.wixstatic.com/media/64b604_34a224d1aa814281b0629bb25cbfcea2~mv2.jpeg
https://static.wixstatic.com/media/d9828b_34b05b96be1c4621aad66c580663efa7~mv2.jpg,https://static.wixstatic.com/media/64b604_3d05ff1703fe4131b56602f57f6a3846~mv2.jpeg
https://static.wixstatic.com/media/d9828b_34f3d316ab77475abbd824adf21f8f2b~mv2.jpg,https://static.wixstatic.com/media/64b604_2d4c8667c76b42f484146b967613b641~mv2.jpeg
https://static.wixstatic.com/media/d9828b_3517e5582b3a4520ae58d0c9c5e75282~mv2.jpg,https://static.wixstatic.com/media/64b604_12eab369c69648b8ab5ea9b6233e667d~mv2.jpeg
https://static.wixstatic.com/media/d9828b_3518999290d0444dac4b4337738e20e0~mv2.jpg,https://static.wixstatic.com/media/64b604_eaf12081dc2842dda79c25ccb440e2be~mv2.jpeg
https://static.wixstatic.com/media/d9828b_35ac8afe070a4201b2b21524f02dc1c8~mv2.jpg,https://static.wixstatic.com/media/64b604_65daebcaa239455291784a2d54c8bc8b~mv2.jpeg
https://static.wixstatic.com/media/d9828b_35ed385ac03e4e9ea71ef614a89ba94a~mv2.jpg,https://static.wixstatic.com/media/64b604_872804aef5c74c18834274b6df2f8f8f~mv2.jpeg
https://static.wixstatic.com/media/d9828b_3607df5543aa4aa8a3e23249b0ed43a8~mv2.jpg,https://static.wixstatic.com/media/64b604_879850dea0df4c5f88d90c39e4b1e35a~mv2.jpeg
https://static.wixstatic.com/media/d9828b_36b059227b7e41aaa53703f40307aadb~mv2.jpg,https://static.wixstatic.com/media/64b604_73c8a1bcc39442e693557bc1e255cdc9~mv2.jpeg
https://static.wixstatic.com/media/d9828b_36d918052ee44fcc84b734db21ea010f~mv2.jpg,https://static.wixstatic.com/media/64b604_378a4fd93ca040a09e6dd879c988d07b~mv2.jpeg
https://static.wixstatic.com/media/d9828b_36f9a16eb39a4ae89e2448d4c01748f9~mv2.jpg,https://static.wixstatic.com/media/64b604_68689a5e13914f03961a53107ca7d632~mv2.jpeg
https://static.wixstatic.com/media/d9828b_3739d8d7628c45f2af7a70c91952c39d~mv2.jpg,https://static.wixstatic.com/media/64b604_d057830f13ea4249ae3676830f42f2d1~mv2.jpeg
https://static.wixstatic.com/media/d9828b_378485bac40b4b568822bf221c205703~mv2.jpg,https://static.wixstatic.com/media/64b604_4da5cb94c01b49df8211117ef00e0c17~mv2.jpeg
https://static.wixstatic.com/media/d9828b_3821574328f3405195c69f761eb602e5~mv2.jpg,https://static.wixstatic.com/media/64b604_8fa8e45f055b4c67b1f87daba6780dd6~mv2.jpeg
https://static.wixstatic.com/media/d9828b_38a8971d5f824ee6b023129b0b8184b3~mv2.jpg,https://static.wixstatic.com/media/64b604_e22b1831d3d34d9cae534c2d285606f9~mv2.jpeg
https://static.wixstatic.com/media/d9828b_38bcea7395bc49eda7808cb609054247~mv2.jpg,https://static.wixstatic.com/media/64b604_54862e85055b4993880eaafeb25d19e0~mv2.jpeg
https://static.wixstatic.com/media/d9828b_38e48530067742c9b58d869494be1485~mv2.jpg,https://static.wixstatic.com/media/64b604_c16da1107bd840309d3cd5fa1a8351ba~mv2.jpeg
https://static.wixstatic.com/media/d9828b_3943275f75e8452d973a26c9577ae081~mv2.jpg,https://static.wixstatic.com/media/64b604_db61c9afea164c29b66adffbaed35aba~mv2.jpeg
https://static.wixstatic.com/media/d9828b_3a0d26bf255f4649800da6af48de1537~mv2.jpg,https://static.wixstatic.com/media/64b604_f5bd546167d64dde9014fa90839e1209~mv2.jpeg
https://static.wixstatic.com/media/d9828b_3a6d2742564f4f0b949fb11a6820618b~mv2.jpg,https://static.wixstatic.com/media/64b604_7c9a442c01b04b6490cf8d471d433f73~mv2.jpeg
https://static.wixstatic.com/media/d9828b_3b3e1832d5cd4526b5ce8bbc0a4c16ea~mv2.jpg,https://static.wixstatic.com/media/64b604_49ea229e25f7463bbbbf17b163f7db98~mv2.jpeg
https://static.wixstatic.com/media/d9828b_3b7dfec1f88e48cba26c3e184f8c0f34~mv2.jpg,https://static.wixstatic.com/media/64b604_7982c7b02a2243f29af4cda85c268891~mv2.jpeg
https://static.wixstatic.com/media/d9828b_3b91dd78d36944dea63b4ee903e94071~mv2.jpg,https://static.wixstatic.com/media/64b604_6b74a2d8a81d4b01a229bd7af291f036~mv2.jpeg
https://static.wixstatic.com/media/d9828b_3c6205f54d45448584e95d28159c0fec~mv2.jpg,https://static.wixstatic.com/media/64b604_4db13b10c8b1482aa50d82211dcabf20~mv2.jpeg
https://static.wixstatic.com/media/d9828b_3c9a2b3342284f868eafde03d51b4c5b~mv2.jpg,https://static.wixstatic.com/media/64b604_8d2eeb078c5c4b25ae557caa392357ac~mv2.jpeg
https://static.wixstatic.com/media/d9828b_3dec0b76e8b147deb44ea82c5848c8d4~mv2.jpg,https://static.wixstatic.com/media/64b604_5e3a54bb8ea4404b984a5931343c5005~mv2.jpeg
https://static.wixstatic.com/media/d9828b_3df69482899444c4a391c9dd17034226~mv2.jpg,https://static.wixstatic.com/media/64b604_390e592548894c33acfe0bf253d5325e~mv2.jpeg
https://static.wixstatic.com/media/d9828b_3eac5a42d3da4aa481050c4d3d28b69d~mv2.jpg,https://static.wixstatic.com/media/64b604_4ff85b52980c4b688f19ddb961166fdf~mv2.jpeg
https://static.wixstatic.com/media/d9828b_3f46d72c33784cf1b20eef2ac8b43b63~mv2.jpg,https://static.wixstatic.com/media/64b604_23b197297ed447dcb2caeb7664845b25~mv2.jpeg
https://static.wixstatic.com/media/d9828b_3fd36f67b07348af925cfaa4a28d0431~mv2.jpg,https://static.wixstatic.com/media/64b604_baa563c73588424f9d6c705558ed3efe~mv2.jpeg
https://static.wixstatic.com/media/d9828b_3ff5ff4fb87a4201bf2c1503c418f271~mv2.jpg,https://static.wixstatic.com/media/64b604_140331c9cb514961b89f70732b5caffd~mv2.jpeg
https://static.wixstatic.com/media/d9828b_3ff68a188e0e4e66bf6c49e16d0bd761~mv2.jpg,https://static.wixstatic.com/media/64b604_eaa88410706049f8a17b6e19d0775459~mv2.jpeg
https://static.wixstatic.com/media/d9828b_405af1fe0db44c1d93410f62e2ec8326~mv2.jpg,https://static.wixstatic.com/media/64b604_727dd17c911f440ead4f40801f3d87e1~mv2.jpeg
https://static.wixstatic.com/media/d9828b_40970457b07047898f99cd5507269b26~mv2.jpg,https://static.wixstatic.com/media/64b604_7b9770d5cb86407fbf721d3f7cb1b2d9~mv2.jpeg
https://static.wixstatic.com/media/d9828b_4140bbceef944c7d86ec39531785ff55~mv2.jpg,https://static.wixstatic.com/media/64b604_687510cb69744ddb9453b0d49a6d74ee~mv2.jpeg
https://static.wixstatic.com/media/d9828b_41b4c9e7b6764f5b99aad67400f3bcbd~mv2.jpg,https://static.wixstatic.com/media/64b604_8905cb9457e74e328ecbdc90f033c3e4~mv2.jpeg
https://static.wixstatic.com/media/d9828b_42730e5381814043b258c3a22b85b83d~mv2.jpg,https://static.wixstatic.com/media/64b604_e65fc250bbbc4ebab0a7df7ad6df5907~mv2.jpeg
https://static.wixstatic.com/media/d9828b_4280f4a06a024704b09e1f926e4abd49~mv2.jpg,https://static.wixstatic.com/media/64b604_2ba6861541784057a70655e945c4c840~mv2.jpeg
https://static.wixstatic.com/media/d9828b_4301c5e681e24c9db2b02bc244b506ba~mv2.jpg,https://static.wixstatic.com/media/64b604_3878eb1a190f45f39ad3439a8b646a48~mv2.jpeg
https://static.wixstatic.com/media/d9828b_43297e95b66541129c88a4946eecb93b~mv2.jpg,https://static.wixstatic.com/media/64b604_3eccaeb9326f452888801c0096871f19~mv2.jpeg
https://static.wixstatic.com/media/d9828b_434fd3c4bd014cb38fde0f665b957053~mv2.jpg,https://static.wixstatic.com/media/64b604_c889ce7e527040ba971e0f30a1510f57~mv2.jpeg
https://static.wixstatic.com/media/d9828b_436586c8bb854297a07f78c8db7e3580~mv2.jpg,https://static.wixstatic.com/media/64b604_f8debd99736e4ca9aeb644667c82f2a0~mv2.jpeg
https://static.wixstatic.com/media/d9828b_43748fc2834b46a4bc025cad544a1cc6~mv2.jpg,https://static.wixstatic.com/media/64b604_054367b837d8455fbb6cd5bf7749d05c~mv2.jpeg
https://static.wixstatic.com/media/d9828b_438306ed67424885aff854698aac5bc4~mv2.jpg,https://static.wixstatic.com/media/64b604_6651a8ddb82549b1b641c4763f435e75~mv2.jpeg
https://static.wixstatic.com/media/d9828b_43b0bde644ce40dd823ed3d4a16567da~mv2.jpg,https://static.wixstatic.com/media/64b604_bdd3339d85b04bbfabf69e87d41ba7cf~mv2.jpeg
https://static.wixstatic.com/media/d9828b_4407e04acd61475caac0c94a96b303c8~mv2.jpg,https://static.wixstatic.com/media/64b604_ff92a74486c848218252d10186c60efc~mv2.jpeg
https://static.wixstatic.com/media/d9828b_44610d4e2c1943b292ebf38ebb46f499~mv2.jpg,https://static.wixstatic.com/media/64b604_eed72c1637af44c2b596fe78c9e21732~mv2.jpeg
https://static.wixstatic.com/media/d9828b_448bdb62e8fb43f78cbfab44290feab0~mv2.jpg,https://static.wixstatic.com/media/64b604_51fd617e51344333bb29db30daccb484~mv2.jpeg
https://static.wixstatic.com/media/d9828b_44ababb0185844599578a9eef3713b6c~mv2.jpg,https://static.wixstatic.com/media/64b604_b9b742c3d8264fddbaa21369086df5f5~mv2.jpeg
https://static.wixstatic.com/media/d9828b_44c8bc3efd76487591517896803433d7~mv2.jpg,https://static.wixstatic.com/media/64b604_a8cad9bf8a1b40128fb9badd764c355b~mv2.jpeg
https://static.wixstatic.com/media/d9828b_44d8daca04ce43e2bd162e23dcd0ea0f~mv2.jpg,https://static.wixstatic.com/media/64b604_92d82f69d114419e8a881b35fed8a98e~mv2.jpeg
https://static.wixstatic.com/media/d9828b_4558f9c93d274b4d89ea312e340c8167~mv2.jpg,https://static.wixstatic.com/media/64b604_5d5045dbbfa74a518e09b97ed0b12ff3~mv2.jpeg
https://static.wixstatic.com/media/d9828b_45740064921c4ec88df2219008df6eda~mv2.jpg,https://static.wixstatic.com/media/64b604_2a8ecc4e19134746af1ab14f59970fa8~mv2.jpeg
https://static.wixstatic.com/media/d9828b_45c15d15fc7c4364bc5620dccf33dc6f~mv2.jpg,https://static.wixstatic.com/media/64b604_563c4e3ff9b643b29e50bce8dccd8582~mv2.jpeg
https://static.wixstatic.com/media/d9828b_4604c748064d4ed0b8ccd9c59dfa0054~mv2.jpg,https://static.wixstatic.com/media/64b604_263e68b26bbd4c3fb223f4f8628d784f~mv2.jpeg
https://static.wixstatic.com/media/d9828b_460cf0a9f2ac457fb82507a07a148ac1~mv2.jpg,https://static.wixstatic.com/media/64b604_a2d9dfd891624456a7e72cdce2188566~mv2.jpeg
https://static.wixstatic.com/media/d9828b_460da68c701948dcb98e0b43edd07412~mv2.jpg,https://static.wixstatic.com/media/64b604_69879f6429b6444d8ad491636721691a~mv2.jpeg
https://static.wixstatic.com/media/d9828b_46125e4fb62140c888f8329847993028~mv2.jpg,https://static.wixstatic.com/media/64b604_26184d57ed1e448aa03efe3f5a7940c0~mv2.jpeg
https://static.wixstatic.com/media/d9828b_4628bda3de78430885bcd4a7c0d00f1a~mv2.jpg,https://static.wixstatic.com/media/64b604_e3d2a0939e04453eacbed031c428bf64~mv2.jpeg
https://static.wixstatic.com/media/d9828b_464bbb2066d54efba87ed4c53fc64038~mv2.jpg,https://static.wixstatic.com/media/64b604_2a26a078bd1a4c318b7bf24b46cdd8ba~mv2.jpeg
https://static.wixstatic.com/media/d9828b_464d877f650d4a1eb025cecd0e66c08d~mv2.jpg,https://static.wixstatic.com/media/64b604_428a3b386b2843b2906627f2a512c352~mv2.jpeg
https://static.wixstatic.com/media/d9828b_46a3231b3f6d489bb78c54dcebcec48e~mv2.jpg,https://static.wixstatic.com/media/64b604_5ea751320b474ee7ae6edd69157491f6~mv2.jpeg
https://static.wixstatic.com/media/d9828b_46dbd0170fa64b47ab669baa8c1971e8~mv2.jpg,https://static.wixstatic.com/media/64b604_c9c2ef836b5147778c0593aa728b5fa1~mv2.jpeg
https://static.wixstatic.com/media/d9828b_46e7667f60904d84acb3175dba04db97~mv2.jpg,https://static.wixstatic.com/media/64b604_5e92ad3b10544334a374ad298388fd8f~mv2.jpeg
https://static.wixstatic.com/media/d9828b_47500c0237fe463e9a5effe7905584a7~mv2.jpg,https://static.wixstatic.com/media/64b604_5ae14b86a4d84d0c930c721065a884cd~mv2.jpeg
https://static.wixstatic.com/media/d9828b_477eea86df1344b6a0cf305892b02a82~mv2.jpg,https://static.wixstatic.com/media/64b604_7b3e141982da464f99c7a1780ecd06a0~mv2.jpeg
https://static.wixstatic.com/media/d9828b_482400bc269a40438056db8a14a6e84a~mv2.jpg,https://static.wixstatic.com/media/64b604_daff19b2a2d745d4bb8676c5094c3d30~mv2.jpeg
https://static.wixstatic.com/media/d9828b_4824f7ef70ff4a3fb717badeacd5c40b~mv2.jpg,https://static.wixstatic.com/media/64b604_91649c751d474747b1d0ba7c0b02dea8~mv2.jpeg
https://static.wixstatic.com/media/d9828b_482c3513e6f44b13a518a5dd9c9a7213~mv2.jpg,https://static.wixstatic.com/media/64b604_c7621e3d79d5498db21c000fab6132ac~mv2.jpeg
https://static.wixstatic.com/media/d9828b_4868b92d0bca4586b020894027ab8e82~mv2.jpg,https://static.wixstatic.com/media/64b604_4b86a2046e104dce8741f557a0914d6c~mv2.jpeg
https://static.wixstatic.com/media/d9828b_48e820ffdd1d4ba2a50337b1c77cd284~mv2.jpg,https://static.wixstatic.com/media/64b604_1dae6eee675641cb8016f846e7412085~mv2.jpeg
https://static.wixstatic.com/media/d9828b_4916395697d64c599fc610663bc68a48~mv2.jpg,https://static.wixstatic.com/media/64b604_ad936ad898894d4da3e0f2869270d6cb~mv2.jpeg
https://static.wixstatic.com/media/d9828b_4a53b506c638428494a92388c490f515~mv2.jpg,https://static.wixstatic.com/media/64b604_b21c5ff551424a0e88d4ac6649f68caa~mv2.jpeg
https://static.wixstatic.com/media/d9828b_4a9425f992194d9f9f90ae057729a85f~mv2.jpg,https://static.wixstatic.com/media/64b604_e5616585c2c541fd9d7cab52ee27b85d~mv2.jpeg
https://static.wixstatic.com/media/d9828b_4ad2066f1fb24c0293bec63db1a9257e~mv2.jpg,https://static.wixstatic.com/media/64b604_0da2622124c94453b65358c46c641933~mv2.jpeg
https://static.wixstatic.com/media/d9828b_4af4aac2bab64f36bf9df62e3df4c309~mv2.jpg,https://static.wixstatic.com/media/64b604_582f360c952b4abb8bf7db78f902dae7~mv2.jpeg
https://static.wixstatic.com/media/d9828b_4b883df4b50c424eaff1b7c533c830c7~mv2.jpg,https://static.wixstatic.com/media/64b604_8d33e35ce5b642319214a4ce65b1a6db~mv2.jpeg
https://static.wixstatic.com/media/d9828b_4bbf9a42e8f84666accb2dfc127f1778~mv2.jpg,https://static.wixstatic.com/media/64b604_80e7e9e9dd2f4363aa6c8eb7620d636b~mv2.jpeg
https://static.wixstatic.com/media/d9828b_4bf1de351ae5448f845f70d323f2a50c~mv2.jpg,https://static.wixstatic.com/media/64b604_0447568924a54a50b28a9255d2b38cb0~mv2.jpeg
https://static.wixstatic.com/media/d9828b_4c0a67c15bcf4e309f5759b5f58db594~mv2.jpg,https://static.wixstatic.com/media/64b604_94899323bf7a406ca740eb8d0c9385a1~mv2.jpeg
https://static.wixstatic.com/media/d9828b_4cab9396762044a69f1b468b53eda60a~mv2.jpg,https://static.wixstatic.com/media/64b604_239569968b79481389e47a2d7abc859e~mv2.jpeg
https://static.wixstatic.com/media/d9828b_4ce97538ba0d46a19f1ad781e86584a9~mv2.jpg,https://static.wixstatic.com/media/64b604_44500f8175af4d6f9bee682b7f92b69a~mv2.jpeg
https://static.wixstatic.com/media/d9828b_4d15ba9cccbc419eb7ce6b77d634fcb9~mv2.jpg,https://static.wixstatic.com/media/64b604_b02b163940664a65bc84c530c5a81fee~mv2.jpeg
https://static.wixstatic.com/media/d9828b_4d330ce6672141dba6fc42e56879bdbb~mv2.jpg,https://static.wixstatic.com/media/64b604_4e1ad8df35944e988bbd304641cd023c~mv2.jpeg
https://static.wixstatic.com/media/d9828b_4d3bfddd5b4741adbd7396696e7d0a9a~mv2.jpg,https://static.wixstatic.com/media/64b604_733af89787244cd989e46f07dd800021~mv2.jpeg
https://static.wixstatic.com/media/d9828b_4da54f97ff5c4f8487452ed57dbff9a3~mv2.jpg,https://static.wixstatic.com/media/64b604_beb676c99cf24b46bacaca02c1586752~mv2.jpeg
https://static.wixstatic.com/media/d9828b_4dca5948ca4f403ab19de8501a195f45~mv2.jpg,https://static.wixstatic.com/media/64b604_aade381e30de47389a03f18650b18686~mv2.jpeg
https://static.wixstatic.com/media/d9828b_4e4f204f94e04fa9988a8a43ae293e49~mv2.jpg,https://static.wixstatic.com/media/64b604_9b0e273359fc4b499b548bea1d7872c3~mv2.jpeg
https://static.wixstatic.com/media/d9828b_4e80b94124a646cfa6bb012c2e8c8bf2~mv2.jpg,https://static.wixstatic.com/media/64b604_ac523efb272340a290c95c700fe47d3a~mv2.jpeg
https://static.wixstatic.com/media/d9828b_4ea67c586b9d434494ee87993a9d9c9a~mv2.jpg,https://static.wixstatic.com/media/64b604_9c74c6ac159a4c87a7e216c740674cc3~mv2.jpeg
https://static.wixstatic.com/media/d9828b_4eba7d74f2fc4d5eb4814a9ca550095d~mv2.jpg,https://static.wixstatic.com/media/64b604_64ebf62cc8dc48f2bf8f852251b48e5e~mv2.jpeg
https://static.wixstatic.com/media/d9828b_4ef36c4d3e874fb1a48e4f91ae6500c4~mv2.jpg,https://static.wixstatic.com/media/64b604_fda4bd1790a84f81b6aa7b96cfddb786~mv2.jpeg
https://static.wixstatic.com/media/d9828b_4f209ce8a5404569bdadd56685be0488~mv2.jpg,https://static.wixstatic.com/media/64b604_aa9f58cdcbb0453ea1b8359b2eff11b5~mv2.jpeg
https://static.wixstatic.com/media/d9828b_4f2b82eb3f064a74b71d9afbd4151cab~mv2.jpg,https://static.wixstatic.com/media/64b604_779da713f0214c2daffe552a50164136~mv2.jpeg
https://static.wixstatic.com/media/d9828b_4f2d0b1522354f43b4af160ada13b862~mv2.jpg,https://static.wixstatic.com/media/64b604_aefb12adf7e3476594b2b1036b7da5b0~mv2.jpeg
https://static.wixstatic.com/media/d9828b_4f4003f1740b4437903b8873093f9a1c~mv2.jpg,https://static.wixstatic.com/media/64b604_eb8d687cdcfa44d2ad25dccd60c5d815~mv2.jpeg
https://static.wixstatic.com/media/d9828b_4f5cedd6e07d410fb8bbcce212bb6ff0~mv2.jpg,https://static.wixstatic.com/media/64b604_d7ca473d42df48ff8a3d787bddf37656~mv2.jpeg
https://static.wixstatic.com/media/d9828b_4f98d257421640a4b9c771d859eab93e~mv2.jpg,https://static.wixstatic.com/media/64b604_156e39fa2ad04095baa32268d27152a1~mv2.jpeg
https://static.wixstatic.com/media/d9828b_50767d449dee4ef3a7a3a2ff8ff002ca~mv2.jpg,https://static.wixstatic.com/media/64b604_19ff8e8546b64c2096f8f209d7c5a855~mv2.jpeg
https://static.wixstatic.com/media/d9828b_507a57c23b234d4bab9526552c3c2e46~mv2.jpg,https://static.wixstatic.com/media/64b604_46d27b8f8ae742a3a8ffede925513281~mv2.jpeg
https://static.wixstatic.com/media/d9828b_50a9d7c7b87a4ba0af9141d2ff0cb436~mv2.jpg,https://static.wixstatic.com/media/64b604_5c836cdb6939467d99035a9ec85b2222~mv2.jpeg
https://static.wixstatic.com/media/d9828b_50cc3d8abd1047ca81141f68eaffd990~mv2.jpg,https://static.wixstatic.com/media/64b604_7de006521cd3431198ca4af50747f11a~mv2.jpeg
https://static.wixstatic.com/media/d9828b_50e24a113db14c9cb0f5ba762c67a569~mv2.jpg,https://static.wixstatic.com/media/64b604_ffc87749db5245f5aa01470a945ed1da~mv2.jpeg
https://static.wixstatic.com/media/d9828b_50f39add199343f2915ea4fc271cf138~mv2.jpg,https://static.wixstatic.com/media/64b604_d44c99215bcc442abe52167e9533c4f8~mv2.jpeg
https://static.wixstatic.com/media/d9828b_5150f46cc69448dc8a545584980e7bd5~mv2.jpg,https://static.wixstatic.com/media/64b604_88d865c67e6e40bda81a777a5708734f~mv2.jpeg
https://static.wixstatic.com/media/d9828b_515edb7efd304ac99c2323fc0a46fb08~mv2.jpg,https://static.wixstatic.com/media/64b604_7d280042f2974c4ba7f21c3de03dae1d~mv2.jpeg
https://static.wixstatic.com/media/d9828b_5220d652148e4bf0b45fb64e7c240061~mv2.jpg,https://static.wixstatic.com/media/64b604_e6fcc7b0579440648417304ab2b94bc9~mv2.jpeg
https://static.wixstatic.com/media/d9828b_5256d744a95747ffbcc661b6b12d156e~mv2.jpg,https://static.wixstatic.com/media/64b604_22d9cb4feeae4b83b4f722f7eed9b821~mv2.jpeg
https://static.wixstatic.com/media/d9828b_52aaf4c1aff84d99989e3cd54e2c8a5a~mv2.jpg,https://static.wixstatic.com/media/64b604_ac7b034a765048dbb13378a4538505e5~mv2.jpeg
https://static.wixstatic.com/media/d9828b_52fa3d6a43ce4bb99e97c759a671843c~mv2.jpg,https://static.wixstatic.com/media/64b604_fd0c2dd976324ddf97e38d88200b1c66~mv2.jpeg
https://static.wixstatic.com/media/d9828b_544633d33bb641ad9c0ffa241ecac34c~mv2.jpg,https://static.wixstatic.com/media/64b604_3a6d2c1e80204c4280c3cd6a13f512a4~mv2.jpeg
https://static.wixstatic.com/media/d9828b_54bc60ecb4e844e8921ea56350173ed3~mv2.jpg,https://static.wixstatic.com/media/64b604_4b0cf96cd5c14b6d881e7954bc03be2f~mv2.jpeg
https://static.wixstatic.com/media/d9828b_55623abf26b646f0acf5ac105640eb98~mv2.jpg,https://static.wixstatic.com/media/64b604_b6de733e7c044002a2b286df83225797~mv2.jpeg
https://static.wixstatic.com/media/d9828b_556ddc390cd14b609888cd5d76268b5b~mv2.jpg,https://static.wixstatic.com/media/64b604_2107fd01e80e434fba814187c80704fc~mv2.jpeg
https://static.wixstatic.com/media/d9828b_558ebde4146b433a988f575c6e2e9752~mv2.jpg,https://static.wixstatic.com/media/64b604_27044adb4e5d4ac29036dd3404b640c1~mv2.jpeg
https://static.wixstatic.com/media/d9828b_55f76086a9aa4ab3ab72c0e03c0eb5fb~mv2.jpg,https://static.wixstatic.com/media/64b604_137960f8786243cda8ef9ca304b9c62d~mv2.jpeg
https://static.wixstatic.com/media/d9828b_5607c830172d439da27deb563cd66d83~mv2.jpg,https://static.wixstatic.com/media/64b604_b2fa55dc70084bd891969c672a359c5d~mv2.jpeg
https://static.wixstatic.com/media/d9828b_5660d011886d4025be71cd95c893adc4~mv2.jpg,https://static.wixstatic.com/media/64b604_06fcf5b102b04b2bb499eeab635b1b4c~mv2.jpeg
https://static.wixstatic.com/media/d9828b_56a5ba3ffeaf4df9b1bf19cc31b8bdb9~mv2.jpg,https://static.wixstatic.com/media/64b604_f9a0ec1f5fcf4a528d20deca22f2c2c7~mv2.jpeg
https://static.wixstatic.com/media/d9828b_57071b4d4e5e4b8aa79c660fd65b00e6~mv2.jpg,https://static.wixstatic.com/media/64b604_a1ec155490534718a58cabea27e85959~mv2.jpeg
https://static.wixstatic.com/media/d9828b_577c9c84ca604395b42763c082e0fe44~mv2.jpg,https://static.wixstatic.com/media/64b604_f6552d5c217d4942bc9e38906427b48b~mv2.jpeg
https://static.wixstatic.com/media/d9828b_57e99a4af002400789d3cba65367c364~mv2.jpg,https://static.wixstatic.com/media/64b604_451941d03dbe47da8d382a75c71a82b0~mv2.jpeg
https://static.wixstatic.com/media/d9828b_5807b2bc0c9f402398cb524dec4ef05b~mv2.jpg,https://static.wixstatic.com/media/64b604_ccd8234b2f374a9080bea6d691c352a2~mv2.jpeg
https://static.wixstatic.com/media/d9828b_581545a0cfaf4ad9b1bce31d94deaad0~mv2.jpg,https://static.wixstatic.com/media/64b604_0da48ac37e4249f886942ae12e4e3947~mv2.jpeg
https://static.wixstatic.com/media/d9828b_58169544afd640ae873b236c6bac92d3~mv2.jpg,https://static.wixstatic.com/media/64b604_27e1547f1d684ddeb0088b553dca50b1~mv2.jpeg
https://static.wixstatic.com/media/d9828b_588d16e9896442e08ae5037d48fcdf96~mv2.jpg,https://static.wixstatic.com/media/64b604_927efa317e8249078e7217a0f5d58914~mv2.jpeg
https://static.wixstatic.com/media/d9828b_5986bd983bef4aeabfcc49a58afd6af3~mv2.jpg,https://static.wixstatic.com/media/64b604_12c060754bff4acfa5a5afaddb1bbe7b~mv2.jpeg
https://static.wixstatic.com/media/d9828b_59f361d617674bd8b4ca5d63853a9dcb~mv2.jpg,https://static.wixstatic.com/media/64b604_bcca1d2e5c964859a8b5fd3b6d3cba01~mv2.jpeg
https://static.wixstatic.com/media/d9828b_5b19a78f3ca0437d93be1700a6570d04~mv2.jpg,https://static.wixstatic.com/media/64b604_97aa47ba6f914882aabfbb4f33821fac~mv2.jpeg
https://static.wixstatic.com/media/d9828b_5b79f3bfccd84256bf8d0844e2c0048c~mv2.jpg,https://static.wixstatic.com/media/64b604_6b6f48bfd41543eaae782ea6e1c36053~mv2.jpeg
https://static.wixstatic.com/media/d9828b_5bac12486dbc468bab0e7163bcfc16e8~mv2.jpg,https://static.wixstatic.com/media/64b604_a20a0b88df32474d871e71cf81f5b25e~mv2.jpeg
https://static.wixstatic.com/media/d9828b_5c68b6eb3ead477ca616d1588fda2709~mv2.jpg,https://static.wixstatic.com/media/64b604_095b77f5ee8d4fd89029cff311ddc373~mv2.jpeg
https://static.wixstatic.com/media/d9828b_5d62cb10ab784148bac30918682ee656~mv2.jpg,https://static.wixstatic.com/media/64b604_11e66244edc443ee9a61bf10fea30aad~mv2.jpeg
https://static.wixstatic.com/media/d9828b_5d92b423a9f94b0eb8bd59fad17c6bbc~mv2.jpg,https://static.wixstatic.com/media/64b604_bea586d38112449fad4c5ec53b151ddd~mv2.jpeg
https://static.wixstatic.com/media/d9828b_5db8f85940e8419faa8cbc243ae88e67~mv2.jpg,https://static.wixstatic.com/media/64b604_07a3bb857db84f1a89e366aec89af01a~mv2.jpeg
https://static.wixstatic.com/media/d9828b_5e251cc8400248e7a1085e1ddaef7921~mv2.jpg,https://static.wixstatic.com/media/64b604_1fc2f4762bcc4cd4a3192d03ebfb0d65~mv2.jpeg
https://static.wixstatic.com/media/d9828b_5e63c23b371f4962b1476108342b4950~mv2.jpg,https://static.wixstatic.com/media/64b604_12c73cf568694082b8392ef8c438c657~mv2.jpeg
https://static.wixstatic.com/media/d9828b_5ecb84710ce04142bf64b5153840e602~mv2.jpg,https://static.wixstatic.com/media/64b604_806eb427a203434f9cc21de9d6439071~mv2.jpeg
https://static.wixstatic.com/media/d9828b_5f2a09967b5a4f18b0715e47f734e249~mv2.jpg,https://static.wixstatic.com/media/64b604_dfda84de557e42678397ea338645a39f~mv2.jpeg
https://static.wixstatic.com/media/d9828b_5f42be1db408400ca885db76770699b3~mv2.jpg,https://static.wixstatic.com/media/64b604_30266c5034114e1a973f314e68fc07bf~mv2.jpeg
https://static.wixstatic.com/media/d9828b_5fabbb0d79eb4504a6b3b8d79ed1c679~mv2.jpg,https://static.wixstatic.com/media/64b604_8349899d44274b7ea55c24ae74aabfb1~mv2.jpeg
https://static.wixstatic.com/media/d9828b_5fbbc249c5f042d0820c394ae0a5bad9~mv2.jpg,https://static.wixstatic.com/media/64b604_4b9cdeed94464bc2af63ede625a517d0~mv2.jpeg
https://static.wixstatic.com/media/d9828b_60416b463d874134a83e6aa5a5c50a86~mv2.jpg,https://static.wixstatic.com/media/64b604_2977e61099b74dfd84efd15af03370dd~mv2.jpeg
https://static.wixstatic.com/media/d9828b_606643630a2a4bfa9d479db6c22023f0~mv2.jpg,https://static.wixstatic.com/media/64b604_31446e4c190d42e49772f4b7a184d266~mv2.jpeg
https://static.wixstatic.com/media/d9828b_60a295bd891e4c8f84cf7b6d895513ba~mv2.jpg,https://static.wixstatic.com/media/64b604_e7c8d6130e694bb8933cdc992f1f9ae2~mv2.jpeg
https://static.wixstatic.com/media/d9828b_60f51d826bd3462081e8c1feb3140546~mv2.jpg,https://static.wixstatic.com/media/64b604_5d91ccaf9c6b40c0b5744b4ab63b7afe~mv2.jpeg
https://static.wixstatic.com/media/d9828b_61019c0fbd3049349c2611a482d47643~mv2.jpg,https://static.wixstatic.com/media/64b604_d4e4c8eb50c54647ad6959b900233e3f~mv2.jpeg
https://static.wixstatic.com/media/d9828b_615742817b6a49f0a7107459b590b5eb~mv2.jpg,https://static.wixstatic.com/media/64b604_48eafe7e718b47149eb3ae240c755e1a~mv2.jpeg
https://static.wixstatic.com/media/d9828b_617b3e8c5d314989bd0ee51a4203f426~mv2.jpg,https://static.wixstatic.com/media/64b604_41109bd30b724fb7998eb3735edeb774~mv2.jpeg
https://static.wixstatic.com/media/d9828b_6202b37f5e68479aa08e9204df8ae539~mv2.jpg,https://static.wixstatic.com/media/64b604_a793fa4bcdce4a298daf98afc7745b2b~mv2.jpeg
https://static.wixstatic.com/media/d9828b_620a33aee54840ef918020fb7765cace~mv2.jpg,https://static.wixstatic.com/media/64b604_a66c70d927884f89bcb984c3718fb3b2~mv2.jpeg
https://static.wixstatic.com/media/d9828b_622b6bae6e7c4bb5a21682057a682d19~mv2.jpg,https://static.wixstatic.com/media/64b604_ce72d6b8c30d4ad7adec8ae026b5c423~mv2.jpeg
https://static.wixstatic.com/media/d9828b_6234c0dad7fc4e169f99517d84b51125~mv2.jpg,https://static.wixstatic.com/media/64b604_d8c28a9bd30e4d71957cf01429d1d250~mv2.jpeg
https://static.wixstatic.com/media/d9828b_62a71228e83f485b8db3cc08d023a99c~mv2.jpg,https://static.wixstatic.com/media/64b604_7810695d04274f1e919a127a09bd3032~mv2.jpeg
https://static.wixstatic.com/media/d9828b_63db1c3664b0443eb97a7c7886eb0561~mv2.jpg,https://static.wixstatic.com/media/64b604_5c6291bfcc0a4ea2affe04e0bff92e03~mv2.jpeg
https://static.wixstatic.com/media/d9828b_63ea380ecfcb45fd9658b0b4ec1862e8~mv2.jpg,https://static.wixstatic.com/media/64b604_204c07ab89464d75a4c04cabfd3a1c2b~mv2.jpeg
https://static.wixstatic.com/media/d9828b_64a240d942334ac684a99b3bb863c72d~mv2.jpg,https://static.wixstatic.com/media/64b604_c58eb9ea0ced4a29abe6cc697b75090b~mv2.jpeg
https://static.wixstatic.com/media/d9828b_64c39f05353f44bf9375108d72e54049~mv2.jpg,https://static.wixstatic.com/media/64b604_00822bc3cdfc40ab81d2d003a24ccc08~mv2.jpeg
https://static.wixstatic.com/media/d9828b_64fd9148f12c412e917135647f324a38~mv2.jpg,https://static.wixstatic.com/media/64b604_69fd9a39e6f14fc7a3b5d4589d0b49ea~mv2.jpeg
https://static.wixstatic.com/media/d9828b_653253c032074c9db91203a2b3f3787d~mv2.jpg,https://static.wixstatic.com/media/64b604_5d638fbafd7e42c7bc09b8a14b9f0bac~mv2.jpeg
https://static.wixstatic.com/media/d9828b_65765707b5e0446b8ef8bcba6bce9827~mv2.jpg,https://static.wixstatic.com/media/64b604_c9c3d3b25cda4519a004c1605221c7db~mv2.jpeg
https://static.wixstatic.com/media/d9828b_65e5b14f81b34b0c856dd9e7cf9abe05~mv2.jpg,https://static.wixstatic.com/media/64b604_96d507e9557b4d14806a8fa65120c5f4~mv2.jpeg
https://static.wixstatic.com/media/d9828b_665144c36b43441788b8d08109e77aec~mv2.jpg,https://static.wixstatic.com/media/64b604_baf3ce80c20e49ffb217beffa610303d~mv2.jpeg
https://static.wixstatic.com/media/d9828b_66cc08c529ae49d29ba1acf113eb0dd8~mv2.jpg,https://static.wixstatic.com/media/64b604_2409b1ddba4e4522bbc9a1c48af0ef51~mv2.jpeg
https://static.wixstatic.com/media/d9828b_66fbd9cc90724c839d3cb6704a7ef0b3~mv2.jpg,https://static.wixstatic.com/media/64b604_a559d8e562ee484da26ed051b377eee3~mv2.jpeg
https://static.wixstatic.com/media/d9828b_671b2353ab2f4da488a477815e2a2807~mv2.jpg,https://static.wixstatic.com/media/64b604_db155cf83fe24e00b6096525d8e3e3d5~mv2.jpeg
https://static.wixstatic.com/media/d9828b_6766275ea06b45c4a1ade9b54de92126~mv2.jpg,https://static.wixstatic.com/media/64b604_c2849d451176447fba24d7aaae738227~mv2.jpeg
https://static.wixstatic.com/media/d9828b_676f1226f88445cf830b8e3a65c9c86f~mv2.jpg,https://static.wixstatic.com/media/64b604_bd4751e070cd47fab5da1b3775fe86f7~mv2.jpeg
https://static.wixstatic.com/media/d9828b_679f8b4caadd42378be28229ffe2d712~mv2.jpg,https://static.wixstatic.com/media/64b604_6f3da223525649a28de8caa05eb8899d~mv2.jpeg
https://static.wixstatic.com/media/d9828b_68cc2bcbc5ca495c8af5e70722ecf6c5~mv2.jpg,https://static.wixstatic.com/media/64b604_0edafaeba9fb4b2ca616be720f8430ec~mv2.jpeg
https://static.wixstatic.com/media/d9828b_68fd81afeea14d77a47420a863b3fa97~mv2.jpg,https://static.wixstatic.com/media/64b604_5471b913b90941ebbaa20125a61f1111~mv2.jpeg
https://static.wixstatic.com/media/d9828b_6971f7d2c9b2496e86820c435b2b60f6~mv2.jpg,https://static.wixstatic.com/media/64b604_63c878501b8649a68b961b05f2b956b0~mv2.jpeg
https://static.wixstatic.com/media/d9828b_69bb6a44b2bb47ce9813234351047089~mv2.jpg,https://static.wixstatic.com/media/64b604_cfc59285a1384bb289ad2c229f6e0bd0~mv2.jpeg
https://static.wixstatic.com/media/d9828b_69d6adbd10334f4c927b85bf0cada6de~mv2.jpg,https://static.wixstatic.com/media/64b604_98175397cb7543cd97b1e51d684bd438~mv2.jpeg
https://static.wixstatic.com/media/d9828b_6aba341c09c74a21a02b091b20e2725e~mv2.jpg,https://static.wixstatic.com/media/64b604_918cd3c3a9e14de3bc4550c0cc167a0a~mv2.jpeg
https://static.wixstatic.com/media/d9828b_6adc3bc4cc7248daafbcbdc9c68d899a~mv2.jpg,https://static.wixstatic.com/media/64b604_e4c372cba56b4e6c9f4c95ca753ccb9a~mv2.jpeg
https://static.wixstatic.com/media/d9828b_6b199aa530cd4648aaad6584a8f8baf5~mv2.jpg,https://static.wixstatic.com/media/64b604_058ce6f13ac94e368ad05d3e714bdebd~mv2.jpeg
https://static.wixstatic.com/media/d9828b_6be40f64a2de453484382ec7f20d89ef~mv2.jpg,https://static.wixstatic.com/media/64b604_6d6a969cc2894dbbb8465ddc399aa4e7~mv2.jpeg
https://static.wixstatic.com/media/d9828b_6c27d24e8a81457dae6e8f440f1afe8d~mv2.jpg,https://static.wixstatic.com/media/64b604_f931d4b521c146ffb6834eb523601cc7~mv2.jpeg
https://static.wixstatic.com/media/d9828b_6c8d401608224e7b88d92c8dc8de3102~mv2.jpg,https://static.wixstatic.com/media/64b604_0069c2873a524bc89cd1aea42b2980b5~mv2.jpeg
https://static.wixstatic.com/media/d9828b_6d1323047ab94763991a94dfd5257868~mv2.jpg,https://static.wixstatic.com/media/64b604_1a419b83aef44576ba276811b86fbd6a~mv2.jpeg
https://static.wixstatic.com/media/d9828b_6d17e9470641437f8635ca8e9f688ed6~mv2.jpg,https://static.wixstatic.com/media/64b604_78cf855c89d24155b74b3223c629f1da~mv2.jpeg
https://static.wixstatic.com/media/d9828b_6e0fcc6850a748ec81cfb07f4f63896c~mv2.jpg,https://static.wixstatic.com/media/64b604_51a90576d3f14d758517c44ba490fe76~mv2.jpeg
https://static.wixstatic.com/media/d9828b_6e5e64f327b943cbb61c9d41bd5cbee8~mv2.jpg,https://static.wixstatic.com/media/64b604_872c7e3ac3a4428a8a448c5dd1c44f84~mv2.jpeg
https://static.wixstatic.com/media/d9828b_6ef518db2ece4124ad3c91f20cc92ee4~mv2.jpg,https://static.wixstatic.com/media/64b604_72d163ec8f8a417fbb0ddfffe59cfdfb~mv2.jpeg
https://static.wixstatic.com/media/d9828b_6f31da0b77a546b78addf3917fe24ac5~mv2.jpg,https://static.wixstatic.com/media/64b604_a484eaa371d640328dbf492c372f6626~mv2.jpeg
https://static.wixstatic.com/media/d9828b_6ff3bb7c8a3d41718b6f5a0ce33c98e8~mv2.jpg,https://static.wixstatic.com/media/64b604_b901490b113d473aa2fd8344c3d896c9~mv2.jpeg
https://static.wixstatic.com/media/d9828b_701cb0e6c9da4c1a854a588bd210d492~mv2.jpg,https://static.wixstatic.com/media/64b604_ef20601ac11a40799f971b9c85ee4a18~mv2.jpeg
https://static.wixstatic.com/media/d9828b_7041db6f4dad4a238f9987887a8233ea~mv2.jpg,https://static.wixstatic.com/media/64b604_008e8d0fd270468d930926d548614c7b~mv2.jpeg
https://static.wixstatic.com/media/d9828b_7061fbfc48c348c087825af0184023cb~mv2.jpg,https://static.wixstatic.com/media/64b604_85779b7b556b416f9e952ff6438af45d~mv2.jpeg
https://static.wixstatic.com/media/d9828b_70634627b8804909900f791c69e50c8c~mv2.png,https://static.wixstatic.com/media/64b604_d399f3d6cf654c9fbf1470c05ba5560c~mv2.png
https://static.wixstatic.com/media/d9828b_707e6c1867c144f08c100e543d613096~mv2.jpg,https://static.wixstatic.com/media/64b604_5353f8ce75d949c5bb42c57add11be62~mv2.jpeg
https://static.wixstatic.com/media/d9828b_707fa94718ab493c946a24047e3753e0~mv2.jpg,https://static.wixstatic.com/media/64b604_e370f5616b354597a355f02ff5ab505e~mv2.jpeg
https://static.wixstatic.com/media/d9828b_712297dc15564257b5102c3ad41152f3~mv2.jpg,https://static.wixstatic.com/media/64b604_8e2e0948ece34c5ba2f1bb4cd595e27a~mv2.jpeg
https://static.wixstatic.com/media/d9828b_7147464688fc42de96d874c72a167c6f~mv2.jpg,https://static.wixstatic.com/media/64b604_dc558fe1a1814bd7bceff2ed6d4eb878~mv2.jpeg
https://static.wixstatic.com/media/d9828b_7157b6d373b2424e9314024e213616d3~mv2.jpg,https://static.wixstatic.com/media/64b604_b6f688912dd544689f42e586c94bda6b~mv2.jpeg
https://static.wixstatic.com/media/d9828b_71a3b74d3b3d442aae281f58680e4cb2~mv2.jpg,https://static.wixstatic.com/media/64b604_82529ab613854b7a91296897c6c559de~mv2.jpeg
https://static.wixstatic.com/media/d9828b_71b3e32c25434012912df3b992993cd8~mv2.jpg,https://static.wixstatic.com/media/64b604_db347481ca934a12b1b0920e373d7b1a~mv2.jpeg
https://static.wixstatic.com/media/d9828b_720a6e9a74154ccaa5bbaede9136e421~mv2.jpg,https://static.wixstatic.com/media/64b604_51089ed1600a482cb87702f0ec07fed8~mv2.jpeg
https://static.wixstatic.com/media/d9828b_7222951b5f354b288fb0ebb28392811b~mv2.jpg,https://static.wixstatic.com/media/64b604_1d63e261cfff4cd3bf69aaaa1603d44c~mv2.jpeg
https://static.wixstatic.com/media/d9828b_72422342fc204f0da5ec0a9926a014ae~mv2.jpg,https://static.wixstatic.com/media/64b604_495e3ee514ea4a7ab556f84f3e83f86c~mv2.jpeg
https://static.wixstatic.com/media/d9828b_7282cce3b7ab442ca7c43e3ce3a57010~mv2.jpg,https://static.wixstatic.com/media/64b604_60d0af617484453a80aa9009226a1f30~mv2.jpeg
https://static.wixstatic.com/media/d9828b_728a161265c24fdfa9d76e65298856a1~mv2.jpg,https://static.wixstatic.com/media/64b604_57b22e0b87b54f92ad87344fec65494e~mv2.jpeg
https://static.wixstatic.com/media/d9828b_72da6f1bcf634408b0292130940c59fb~mv2.jpg,https://static.wixstatic.com/media/64b604_7ea3c18bf9524b05a9c6efa24f740bc4~mv2.jpeg
https://static.wixstatic.com/media/d9828b_72f0431cf10b4593b579924de6b36c34~mv2.jpg,https://static.wixstatic.com/media/64b604_48e2d40c5a544c318c70a41ebe44d1b5~mv2.jpeg
https://static.wixstatic.com/media/d9828b_73719ffbf21144ab9284d72aee1ecd64~mv2.jpg,https://static.wixstatic.com/media/64b604_561bf56e162c40708125aa4457fe86af~mv2.jpeg
https://static.wixstatic.com/media/d9828b_737b964dc109434b8ed7b4d608211dd5~mv2.jpg,https://static.wixstatic.com/media/64b604_6e2fb6e63a3a4d9e8744a955f3eaadab~mv2.jpeg
https://static.wixstatic.com/media/d9828b_74008132f63d4471930ac7ddfecaac72~mv2.jpg,https://static.wixstatic.com/media/64b604_3a5d5314ec8c4a7bb34168fc038ecfc0~mv2.jpeg
https://static.wixstatic.com/media/d9828b_740f1aa9952e41afb61bb218d70daa8b~mv2.jpg,https://static.wixstatic.com/media/64b604_084fb8beecfa456db2135761567319a3~mv2.jpeg
https://static.wixstatic.com/media/d9828b_74162ffc3e8b431c8b14254aee25ef71~mv2.jpg,https://static.wixstatic.com/media/64b604_47a02fc45a354c02824530f5029e11d5~mv2.jpeg
https://static.wixstatic.com/media/d9828b_74358afc5d9949edbd81c5e9b8e3d917~mv2.jpg,https://static.wixstatic.com/media/64b604_99b47dbfb52346f880bd4808cff95db2~mv2.jpeg
https://static.wixstatic.com/media/d9828b_74c084fd5280497a975cb116d7cfa8be~mv2.jpg,https://static.wixstatic.com/media/64b604_88544770cdcd4d34b365148e73983bed~mv2.jpeg
https://static.wixstatic.com/media/d9828b_7500b7899ac54ac2b0b04ac3e17888f8~mv2.jpg,https://static.wixstatic.com/media/64b604_3d7eedfb251d43d09f30e4261d1e6f10~mv2.jpeg
https://static.wixstatic.com/media/d9828b_75727159a300441487bfd6a827efed78~mv2.jpg,https://static.wixstatic.com/media/64b604_4a4a4568d7214d9d8c80bc0d9ea3783a~mv2.jpeg
https://static.wixstatic.com/media/d9828b_764d1cd6e1eb404a903b3f4e5278720b~mv2.jpg,https://static.wixstatic.com/media/64b604_0cc6d76060324c8aba0ea98ead379253~mv2.jpeg
https://static.wixstatic.com/media/d9828b_76e99ee3548c47b1bd7ad3caba339bbc~mv2.jpg,https://static.wixstatic.com/media/64b604_eb94268921f34588877701379161499b~mv2.jpeg
https://static.wixstatic.com/media/d9828b_772bb615a58645a1aa6c15236a318ac2~mv2.jpg,https://static.wixstatic.com/media/64b604_7c0846b75ea244ec955edd65a1406b00~mv2.jpeg
https://static.wixstatic.com/media/d9828b_7751757251cc478bab08c91164a00a06~mv2.jpg,https://static.wixstatic.com/media/64b604_418419f92c3a44589d0dd1ae3c1385ba~mv2.jpeg
https://static.wixstatic.com/media/d9828b_78077e15cbb449ebab4996aa19c352ce~mv2.jpg,https://static.wixstatic.com/media/64b604_7c374dcbf2cb4c0d97e271a8a34c99a5~mv2.jpeg
https://static.wixstatic.com/media/d9828b_7817de29a1484a4da77d1beb03e3a7d6~mv2.jpg,https://static.wixstatic.com/media/64b604_994bf82ab95e406484fa8e0f09986226~mv2.jpeg
https://static.wixstatic.com/media/d9828b_7842d1955f3f436baaa164b4c958f94b~mv2.jpg,https://static.wixstatic.com/media/64b604_b19a505b00a14ef0998377219f4944ee~mv2.jpeg
https://static.wixstatic.com/media/d9828b_787b0cec2bd84ae6a37b445a1fb3c326~mv2.jpg,https://static.wixstatic.com/media/64b604_4e170876d7fe4455970a45edd7b24c4e~mv2.jpeg
https://static.wixstatic.com/media/d9828b_789dd30718b047b48a017e99c029f615~mv2.jpg,https://static.wixstatic.com/media/64b604_37e224b00c8947159d1c331749c28b7f~mv2.jpeg
https://static.wixstatic.com/media/d9828b_78ec78703c6044ff82e31647930535a7~mv2.jpg,https://static.wixstatic.com/media/64b604_f7381573b84b44dcb1894d87b78de92e~mv2.jpeg
https://static.wixstatic.com/media/d9828b_792354b773fc4626808800d787a0f198~mv2.jpg,https://static.wixstatic.com/media/64b604_5cb915a33ab64475900e865f44485495~mv2.jpeg
https://static.wixstatic.com/media/d9828b_795f15ea9c2442dfbd16bf06c1f743d0~mv2.jpg,https://static.wixstatic.com/media/64b604_212828865ce149c194111b2923bf474e~mv2.jpeg
https://static.wixstatic.com/media/d9828b_799aa977c3f2402c808e76139b42c48f~mv2.jpg,https://static.wixstatic.com/media/64b604_52c749326ccc436ab4d0b37e587e392a~mv2.jpeg
https://static.wixstatic.com/media/d9828b_79e4032989ba4ebc904872ffd5162cb7~mv2.jpg,https://static.wixstatic.com/media/64b604_1639ab7513c74eef84f11e0c5cca9d10~mv2.jpeg
https://static.wixstatic.com/media/d9828b_7a098781651c48c6a4f095706aee8680~mv2.jpg,https://static.wixstatic.com/media/64b604_7f71141f5aad485a8a9039db22a59d5e~mv2.jpeg
https://static.wixstatic.com/media/d9828b_7a20681c35b8479aa930f4b87d929d3a~mv2.jpg,https://static.wixstatic.com/media/64b604_dfe30bf75e0a47619f76aa5efc864aad~mv2.jpeg
https://static.wixstatic.com/media/d9828b_7a3824882ba1417d94a6dec31536db5b~mv2.jpg,https://static.wixstatic.com/media/64b604_5b51fe8e3ad34e64989453790bc041d4~mv2.jpeg
https://static.wixstatic.com/media/d9828b_7aba94f5a0994b8299fdf12ba3c5dbaa~mv2.jpg,https://static.wixstatic.com/media/64b604_ee4cd7deebd34178906632201892e758~mv2.jpeg
https://static.wixstatic.com/media/d9828b_7af5275536754e18bc38d1177bf6cb58~mv2.jpg,https://static.wixstatic.com/media/64b604_a3719cb97a304413a72040bc53a26b9a~mv2.jpeg
https://static.wixstatic.com/media/d9828b_7b29a6438dc5421cbc5897f53c3e4944~mv2.jpg,https://static.wixstatic.com/media/64b604_b63b0fd001124b49986a0946aa250065~mv2.jpeg
https://static.wixstatic.com/media/d9828b_7c58c584f7a347859633ab71411a21f5~mv2.jpg,https://static.wixstatic.com/media/64b604_14162a411fa446409d913390b144d2f1~mv2.jpeg
https://static.wixstatic.com/media/d9828b_7cb3b9d67606410194e02ae036154093~mv2.jpg,https://static.wixstatic.com/media/64b604_78623150e7124358b608c33f6828d991~mv2.jpeg
https://static.wixstatic.com/media/d9828b_7cc81e4690f2411ca550c9b857a72ade~mv2.jpg,https://static.wixstatic.com/media/64b604_20e4766e524f42b6a1df30ee31241113~mv2.jpeg
https://static.wixstatic.com/media/d9828b_7d0ed0c91cb141b9b505e9ed758b2bda~mv2.jpg,https://static.wixstatic.com/media/64b604_3e44605129fe4dad99035d3f33584a9b~mv2.jpeg
https://static.wixstatic.com/media/d9828b_7d242996e89f4f12bdb696f93810fb3d~mv2.jpg,https://static.wixstatic.com/media/64b604_a81a995b4e4a49b0a977218b470f8daf~mv2.jpeg
https://static.wixstatic.com/media/d9828b_7d3cf061cd5d48c1a11b71f5c3298b05~mv2.jpg,https://static.wixstatic.com/media/64b604_bc2ad695774e480391db52ab703103b8~mv2.jpeg
https://static.wixstatic.com/media/d9828b_7dac1566ed2841d08062b33df7fa821d~mv2.jpg,https://static.wixstatic.com/media/64b604_2522f11df9e940e6a3b4b01b36104255~mv2.jpeg
https://static.wixstatic.com/media/d9828b_7e5f6398a8184d7891934af2a67ced25~mv2.jpg,https://static.wixstatic.com/media/64b604_c72b1c3a4001490f93d0b7827b7e32ff~mv2.jpeg
https://static.wixstatic.com/media/d9828b_7f44cc0bb59046469a910ca905cac869~mv2.jpg,https://static.wixstatic.com/media/64b604_a77808a9e62b4eb38d13b5b9360ab825~mv2.jpeg
https://static.wixstatic.com/media/d9828b_7f5cd7a5a7a54526b5deac6063ede291~mv2.jpg,https://static.wixstatic.com/media/64b604_426d1c2e3a334b448db0c5afffc78885~mv2.jpeg
https://static.wixstatic.com/media/d9828b_7f853b432a0340f887922d19c74e5c17~mv2.jpg,https://static.wixstatic.com/media/64b604_75788068be8e4414aa197fcbce6e2a29~mv2.jpeg
https://static.wixstatic.com/media/d9828b_7fcdd3b4ad1a4a6fa54b3cabc102ae5e~mv2.jpg,https://static.wixstatic.com/media/64b604_ea9df0de66b94be1b5939a7b49fbed94~mv2.jpeg
https://static.wixstatic.com/media/d9828b_7fd78d333d58490e93fd3c5bffe1a047~mv2.jpg,https://static.wixstatic.com/media/64b604_142716bdaf4e49f1a742c025381516ac~mv2.jpeg
https://static.wixstatic.com/media/d9828b_7ffce4bbd75b4bb284e5be200e6f5364~mv2.jpg,https://static.wixstatic.com/media/64b604_d4ea44296fd646b0b6080cc5871d62f7~mv2.jpeg
https://static.wixstatic.com/media/d9828b_8005085f6ca041b3875184d04c3725f5~mv2.jpg,https://static.wixstatic.com/media/64b604_3491e4b32b7049e4b06c7500e99dd708~mv2.jpeg
https://static.wixstatic.com/media/d9828b_80ca34fb1d194a28b206775672b28111~mv2.jpg,https://static.wixstatic.com/media/64b604_720c2044fb3c4c789fdf9c609f430c48~mv2.jpeg
https://static.wixstatic.com/media/d9828b_80e85a3c5fb04e7c8f27eac20d7a6a5d~mv2.jpg,https://static.wixstatic.com/media/64b604_57aab92adcae4d3999e764b8efa57552~mv2.jpeg
https://static.wixstatic.com/media/d9828b_80ef7b47cf114f8da0dba2efa93ef0b6~mv2.jpg,https://static.wixstatic.com/media/64b604_77bd1897c0db41a69b17689da2560683~mv2.jpeg
https://static.wixstatic.com/media/d9828b_8170026ee9c64e369fc57d37af29e02c~mv2.jpg,https://static.wixstatic.com/media/64b604_d2d4fa86ea5249d4b872e1d5bac28794~mv2.jpeg
https://static.wixstatic.com/media/d9828b_8171ad6b905b49118931d3e8b7d92b04~mv2.jpg,https://static.wixstatic.com/media/64b604_f4370a409240435593a6b827d59c360e~mv2.jpeg
https://static.wixstatic.com/media/d9828b_817354fce8aa4d61bc797ecb1e639809~mv2.jpg,https://static.wixstatic.com/media/64b604_6461f03ca130470994a3a50cc2b4a80f~mv2.jpeg
https://static.wixstatic.com/media/d9828b_81d3c5bccc7a4f6f975fd3a5b4ce03bd~mv2.jpg,https://static.wixstatic.com/media/64b604_0d8038d3a3024644af7421376cd261f8~mv2.jpeg
https://static.wixstatic.com/media/d9828b_8285eef36797448b820ef3531d532451~mv2.jpg,https://static.wixstatic.com/media/64b604_7e4dcff60e4147bd9f56e7c9aa6ed831~mv2.jpeg
https://static.wixstatic.com/media/d9828b_82aaf11ab79a460bacc7bcd3520ebd59~mv2.jpg,https://static.wixstatic.com/media/64b604_51f966c72b4c4bb0a4b1120adf665649~mv2.jpeg
https://static.wixstatic.com/media/d9828b_82b1b8bb91344a4b8d7194a0cde59875~mv2.jpg,https://static.wixstatic.com/media/64b604_f318ff7507b947aabee4fa362f6b4342~mv2.jpeg
https://static.wixstatic.com/media/d9828b_82f9e35074634ca4b17bd452984f1ba4~mv2.jpg,https://static.wixstatic.com/media/64b604_c6b8425097a54d0cbab7e592b0814ac5~mv2.jpeg
https://static.wixstatic.com/media/d9828b_8306e160b4c94e5ea0cb1b285419a7df~mv2.jpg,https://static.wixstatic.com/media/64b604_78356ee58e7a44b39cedbcee486aa5ec~mv2.jpeg
https://static.wixstatic.com/media/d9828b_83190796e1794c13b72740a895ff985f~mv2.jpg,https://static.wixstatic.com/media/64b604_4de0d42528e44abc8561b8d648912bb0~mv2.jpeg
https://static.wixstatic.com/media/d9828b_8387a41552c54c4e96ebe0ffd0c631b7~mv2.jpg,https://static.wixstatic.com/media/64b604_41c77bf910f04d44b4f823cf57a2ad4e~mv2.jpeg
https://static.wixstatic.com/media/d9828b_83954cb5091b4baa85375ce5d16eebf0~mv2.jpg,https://static.wixstatic.com/media/64b604_5811a3115f934275b24798f6e480d95d~mv2.jpeg
https://static.wixstatic.com/media/d9828b_83a446fb796e49339f061709f5bbfed4~mv2.jpg,https://static.wixstatic.com/media/64b604_0b0c253a3e8549e6a0fec7628c7769b5~mv2.jpeg
https://static.wixstatic.com/media/d9828b_840d67cf25da4662b82d315528e5c91f~mv2.jpg,https://static.wixstatic.com/media/64b604_cf4f57e72fa9476a84e553015cd2f8e2~mv2.jpeg
https://static.wixstatic.com/media/d9828b_84e8bfd031914903aeeffd1ad6a481be~mv2.jpg,https://static.wixstatic.com/media/64b604_afea2f890847453e9f8c094b7a8ee537~mv2.jpeg
https://static.wixstatic.com/media/d9828b_84f3732225644f5bb417827eec03a7b3~mv2.jpg,https://static.wixstatic.com/media/64b604_becae9405c98438e90da8cab01915ea3~mv2.jpeg
https://static.wixstatic.com/media/d9828b_84ffb142ab25466c8aad939ed48193ec~mv2.jpg,https://static.wixstatic.com/media/64b604_7bfd4e5289d447fb9dda9a51cce09f4e~mv2.jpeg
https://static.wixstatic.com/media/d9828b_8560fb4ea56c4b25b8551220f8b67ba5~mv2.jpg,https://static.wixstatic.com/media/64b604_80cfa4a18f784c669b0caa9eacf5ce27~mv2.jpeg
https://static.wixstatic.com/media/d9828b_85709788878a4ea7a7971af7420cb7e3~mv2.jpg,https://static.wixstatic.com/media/64b604_b2164cded752477394856636186071f7~mv2.jpeg
https://static.wixstatic.com/media/d9828b_858509336eca473e84667ad080ca4522~mv2.jpg,https://static.wixstatic.com/media/64b604_5ab9707e6eb14cb79acfe100f15e2310~mv2.jpeg
https://static.wixstatic.com/media/d9828b_85b1b4c51b8a48a9b9819dff953be0e3~mv2.jpg,https://static.wixstatic.com/media/64b604_f6c46eeb95d64ad19b7a4a03f9ffe6fb~mv2.jpeg
https://static.wixstatic.com/media/d9828b_8638409eaea24ce7a4b47c00506e707c~mv2.jpg,https://static.wixstatic.com/media/64b604_b10e615ab17d4b0e849d4d67429aa7c6~mv2.jpeg
https://static.wixstatic.com/media/d9828b_86b022f58d5447738a0e3dc22f2481ad~mv2.jpg,https://static.wixstatic.com/media/64b604_2ff11a8e160340ff9cbb448f6f43491f~mv2.jpeg
https://static.wixstatic.com/media/d9828b_86c3dc0b1edb44bca57fc411399884d5~mv2.jpg,https://static.wixstatic.com/media/64b604_8dd071597a3a45fb815c810ba22f8d28~mv2.jpeg
https://static.wixstatic.com/media/d9828b_87015797adc94b07bad19f2709b879cf~mv2.jpg,https://static.wixstatic.com/media/64b604_de018ee641da493d9721b77e419cbee5~mv2.jpeg
https://static.wixstatic.com/media/d9828b_870d50def00c4445945d5958d2d2033b~mv2.jpg,https://static.wixstatic.com/media/64b604_b659f4932b1647b89e6ebd8eeb3ffa5b~mv2.jpeg
https://static.wixstatic.com/media/d9828b_879d1d31cdff4553a3c8aab9a5cf0957~mv2.jpg,https://static.wixstatic.com/media/64b604_d583e276eb7049b58fdfef43b0c60da8~mv2.jpeg
https://static.wixstatic.com/media/d9828b_87b2a351600349dca4fe3d3fd7b2e25d~mv2.jpg,https://static.wixstatic.com/media/64b604_b65a542a7db040d5b8bbc22ca9080bf2~mv2.jpeg
https://static.wixstatic.com/media/d9828b_8805201b774a4bcb88b92cf83733b395~mv2.jpg,https://static.wixstatic.com/media/64b604_420c5ea37894491aa1268955b4dbe477~mv2.jpeg
https://static.wixstatic.com/media/d9828b_88134200bf77414ea6d62b3f7ed9a1b4~mv2.jpg,https://static.wixstatic.com/media/64b604_c32c9fc758544b9d96c236c7caf030b2~mv2.jpeg
https://static.wixstatic.com/media/d9828b_8813d069576f419fb69d5a10c83ff521~mv2.jpg,https://static.wixstatic.com/media/64b604_3481bfac8a5e4193abdebf38db3b8b0d~mv2.jpeg
https://static.wixstatic.com/media/d9828b_885cf9e3032147588f2689dfac2755f0~mv2.jpg,https://static.wixstatic.com/media/64b604_90986e62d1bf4e17ba6ba004718bf7f5~mv2.jpeg
https://static.wixstatic.com/media/d9828b_88b526fb445544c58350648aa73af21a~mv2.jpg,https://static.wixstatic.com/media/64b604_c400de75afd14b4ead494f334ea03209~mv2.jpeg
https://static.wixstatic.com/media/d9828b_891dffc139ba4ef985475e15e5781f41~mv2.jpg,https://static.wixstatic.com/media/64b604_37fa4f4a86b8432b8b85f7918984bd2d~mv2.jpeg
https://static.wixstatic.com/media/d9828b_892736adbb4f43349ba517a30b0e2221~mv2.jpg,https://static.wixstatic.com/media/64b604_ed656dc3a4534e89b2a10b97225b9ec1~mv2.jpeg
https://static.wixstatic.com/media/d9828b_89521d82ccee46b088071c3037c66632~mv2.jpg,https://static.wixstatic.com/media/64b604_6cc0f5ef38cb437798a4345f1dfa25c1~mv2.jpeg
https://static.wixstatic.com/media/d9828b_89a7fb9f3c58461c806b8da7bd68db63~mv2.jpg,https://static.wixstatic.com/media/64b604_aa724bfdcbda4cc7a628394e98f872e3~mv2.jpeg
https://static.wixstatic.com/media/d9828b_8a45b554c823477385923a29b2df062e~mv2.jpg,https://static.wixstatic.com/media/64b604_f67b677d50834c778f473b521cc7da00~mv2.jpeg
https://static.wixstatic.com/media/d9828b_8a800582e11b4a62bf56ddb4495a7622~mv2.jpg,https://static.wixstatic.com/media/64b604_eedc0bff02424094b8f6663a89081673~mv2.jpeg
https://static.wixstatic.com/media/d9828b_8abf24fbabcd4444a2670f37abbcb0a9~mv2.jpg,https://static.wixstatic.com/media/64b604_43750dbf67bf47b4b8cbeb9e8948e1f5~mv2.jpeg
https://static.wixstatic.com/media/d9828b_8ad572acd9534fde971928bf4dfd845b~mv2.jpg,https://static.wixstatic.com/media/64b604_d1f99b62c7134110a1ded73d93c35f2e~mv2.jpeg
https://static.wixstatic.com/media/d9828b_8ae90511b312453e8b1732c252094803~mv2.jpg,https://static.wixstatic.com/media/64b604_7649706394e24d82bbd8fb25fa1ab36c~mv2.jpeg
https://static.wixstatic.com/media/d9828b_8b0d2f7f36ae4c9f94cf72df8696302b~mv2.jpg,https://static.wixstatic.com/media/64b604_c6fe2a48f9ab4a62890df3d6361c7e75~mv2.jpeg
https://static.wixstatic.com/media/d9828b_8b9193148a5f43e8b5f1be926e3a994d~mv2.jpg,https://static.wixstatic.com/media/64b604_1f9363c3b2e5456da9045656101ebaab~mv2.jpeg
https://static.wixstatic.com/media/d9828b_8bbe903330924bff8efc47de35f55d6e~mv2.jpg,https://static.wixstatic.com/media/64b604_38666275954c40cf93c1f9b295fb152d~mv2.jpeg
https://static.wixstatic.com/media/d9828b_8c3338a76b954b64addc299c6d8244e7~mv2.jpg,https://static.wixstatic.com/media/64b604_23891df26c6b4c978367673b8c9ac502~mv2.jpeg
https://static.wixstatic.com/media/d9828b_8c85e085fb964d7cadfed896a6b0184e~mv2.jpg,https://static.wixstatic.com/media/64b604_488b84c4a44e4aabb6951aa6e48dc57c~mv2.jpeg
https://static.wixstatic.com/media/d9828b_8d0ab09443884df289bb20875d946a2b~mv2.jpg,https://static.wixstatic.com/media/64b604_89949cc0cdbf4464a24e406de4038e03~mv2.jpeg
https://static.wixstatic.com/media/d9828b_8d41af0aa23d410398b75e7abfb18f27~mv2.jpg,https://static.wixstatic.com/media/64b604_6d73135b52a0420a866655081484ae0d~mv2.jpeg
https://static.wixstatic.com/media/d9828b_8d83e03534264c2d8c682b10b2e28afa~mv2.jpg,https://static.wixstatic.com/media/64b604_f27a0a6ae61d4117ad0905c21db54987~mv2.jpeg
https://static.wixstatic.com/media/d9828b_8e928772af27403ba3407299ed51234b~mv2.jpg,https://static.wixstatic.com/media/64b604_59d6f2b98de84d1291461f03902e4668~mv2.jpeg
https://static.wixstatic.com/media/d9828b_8ea2834be9644d0cb81f17a27aaad3f1~mv2.jpg,https://static.wixstatic.com/media/64b604_3805e15881d54a7ead19e33412d84712~mv2.jpeg
https://static.wixstatic.com/media/d9828b_8f277d048e404f0a818d4e257de8cd1a~mv2.jpg,https://static.wixstatic.com/media/64b604_07590b31ffaf4bf1adc085963702ee19~mv2.jpeg
https://static.wixstatic.com/media/d9828b_8f74ee4f93504391a55a3ed62cc2f3c8~mv2.jpg,https://static.wixstatic.com/media/64b604_4288b039074b445ca7d3f43578495e28~mv2.jpeg
https://static.wixstatic.com/media/d9828b_8fb78000457e48ae9bd7fb264eee71d5~mv2.jpg,https://static.wixstatic.com/media/64b604_204fa8f601244d59b12191047983f7d9~mv2.jpeg
https://static.wixstatic.com/media/d9828b_8fcf9630ab394c05972eef556e2f7721~mv2.jpg,https://static.wixstatic.com/media/64b604_125af7ebd760456c9c981c7f01413dec~mv2.jpeg
https://static.wixstatic.com/media/d9828b_8fde56e8df9b483cab0a572733984b21~mv2.jpg,https://static.wixstatic.com/media/64b604_b9b8c35ea2364e4f9404b276796e8796~mv2.jpeg
https://static.wixstatic.com/media/d9828b_905b5b6ff8e24e4c9691d4651d4efa86~mv2.jpg,https://static.wixstatic.com/media/64b604_1c4f379bc58f4e7088b0bee7ace38766~mv2.jpeg
https://static.wixstatic.com/media/d9828b_90f0116bb8134bcba347e73ee434a189~mv2.jpg,https://static.wixstatic.com/media/64b604_756a7b8e0f3d4585bc0c148d1b67e702~mv2.jpeg
https://static.wixstatic.com/media/d9828b_90fc4e5e9cf7413e8de93edc4eb1ad39~mv2.jpg,https://static.wixstatic.com/media/64b604_d9ce56c013bf40479c0d6986b5e53f40~mv2.jpeg
https://static.wixstatic.com/media/d9828b_91181a946ee7448fb5525cc2baee3f8b~mv2.jpg,https://static.wixstatic.com/media/64b604_5c5ba752ff4646c6b00fc6dd89827b1c~mv2.jpeg
https://static.wixstatic.com/media/d9828b_9120be5f891f4098815ecc2902b7d6fb~mv2.jpg,https://static.wixstatic.com/media/64b604_3c76c56308e0489e86df04ec26d54930~mv2.jpeg
https://static.wixstatic.com/media/d9828b_9144a61ee67c4a238c99043261074f7a~mv2.jpg,https://static.wixstatic.com/media/64b604_fa93f8cd29cb46579a5357b8e67bba8c~mv2.jpeg
https://static.wixstatic.com/media/d9828b_9182f6c64f75438799d7e4d6d3217785~mv2.jpg,https://static.wixstatic.com/media/64b604_03eecaa120dd4116a5187c751e91e119~mv2.jpeg
https://static.wixstatic.com/media/d9828b_91eb414b0c8546b18e5597a734cecb86~mv2.jpg,https://static.wixstatic.com/media/64b604_b0623dfd0b6d47e5b72f5b2daee21c54~mv2.jpeg
https://static.wixstatic.com/media/d9828b_9215064a1b4f4c2e9788ecaa985cc370~mv2.jpg,https://static.wixstatic.com/media/64b604_0e149eee9b8046fe8c7b60ca68fecb70~mv2.jpeg
https://static.wixstatic.com/media/d9828b_925183fcdb4d45268dfa99770e00a5d3~mv2.jpg,https://static.wixstatic.com/media/64b604_19e4e1868809406593cf43c0bf56c6ab~mv2.jpeg
https://static.wixstatic.com/media/d9828b_92a4ca6e1c284bddb0ad18003de9c79b~mv2.jpg,https://static.wixstatic.com/media/64b604_f456d3ab169342b28e5024e7519ca471~mv2.jpeg
https://static.wixstatic.com/media/d9828b_9347c8866e1749958cf01c071b3512ad~mv2.jpg,https://static.wixstatic.com/media/64b604_962bb5ba3b2a48b5912c88c1089e48ff~mv2.jpeg
https://static.wixstatic.com/media/d9828b_93a99f4d67264bd1ba45b2c7f3c8220d~mv2.jpg,https://static.wixstatic.com/media/64b604_a5454592e11149638b248519e3cc4cef~mv2.jpeg
https://static.wixstatic.com/media/d9828b_93de23d06d284763a39098dd5882424c~mv2.jpg,https://static.wixstatic.com/media/64b604_85e449c0713b4080807f9f3c0e1faa35~mv2.jpeg
https://static.wixstatic.com/media/d9828b_93f07a243a954938953503403361b269~mv2.jpg,https://static.wixstatic.com/media/64b604_ba263e01770e43ce8084687fd8d94e33~mv2.jpeg
https://static.wixstatic.com/media/d9828b_93f66492ff60445aaa2bd8a05c14bcb7~mv2.jpg,https://static.wixstatic.com/media/64b604_741a06c5a9884549b2b3a53cf4e1ff33~mv2.jpeg
https://static.wixstatic.com/media/d9828b_9460ffa1c0b549edb81a474d33bbe5df~mv2.jpg,https://static.wixstatic.com/media/64b604_a66232b75259403291116b29e1265a2c~mv2.jpeg
https://static.wixstatic.com/media/d9828b_946db911f5854acf98d9945616b1702b~mv2.jpg,https://static.wixstatic.com/media/64b604_3136d22896d946458df6af5286a5a0ed~mv2.jpeg
https://static.wixstatic.com/media/d9828b_947e41d8301d475595cb0c651bf563f3~mv2.jpg,https://static.wixstatic.com/media/64b604_15d2dde4b1744cd69fd59d909a844e8a~mv2.jpeg
https://static.wixstatic.com/media/d9828b_94b9e7004b0e41ca9808c17e785046d6~mv2.jpg,https://static.wixstatic.com/media/64b604_ba805f0efaaf4d1fa2f8145346e2512c~mv2.jpeg
https://static.wixstatic.com/media/d9828b_94c0f98e9d54433ebf1abf65ba232f52~mv2.jpg,https://static.wixstatic.com/media/64b604_4ef0b87e1e2645f38f49d757dccdc75a~mv2.jpeg
https://static.wixstatic.com/media/d9828b_94c155a21a0a4fdeadce4c26bea6bc5e~mv2.jpg,https://static.wixstatic.com/media/64b604_1aa52871eba0430f9fb189fb97666614~mv2.jpeg
https://static.wixstatic.com/media/d9828b_94e18ec033f54128bbf44e9dfc91d74b~mv2.jpg,https://static.wixstatic.com/media/64b604_a0d2cdfe76454b3eb0556f3cfb1738eb~mv2.jpeg
https://static.wixstatic.com/media/d9828b_94f19659fa6a401b9b1cc48440a29f61~mv2.jpg,https://static.wixstatic.com/media/64b604_86c7241479a5459ca636f59011f92a2c~mv2.jpeg
https://static.wixstatic.com/media/d9828b_95129f968fd740119c628ab969128e6e~mv2.jpg,https://static.wixstatic.com/media/64b604_7a21b556567043b9ba79488aff45d90a~mv2.jpeg
https://static.wixstatic.com/media/d9828b_95c97edbbe9b4af6b2efc8d23d1f9ff4~mv2.jpg,https://static.wixstatic.com/media/64b604_f3bad1f041024f1a892d16646e2c8f50~mv2.jpeg
https://static.wixstatic.com/media/d9828b_9625b1b5eb004118b087c1453eabf856~mv2.jpg,https://static.wixstatic.com/media/64b604_3d791034cc244baa9aa51bb3f18627de~mv2.jpeg
https://static.wixstatic.com/media/d9828b_969b6ee3036a4587b176209b7b2a8421~mv2.jpg,https://static.wixstatic.com/media/64b604_20136a4f82d34800b5e8de4b99f82632~mv2.jpeg
https://static.wixstatic.com/media/d9828b_96c375243afd473dbf3986b24fa6fc4d~mv2.jpg,https://static.wixstatic.com/media/64b604_11829af3dc624c2b96e53e9d8b76f732~mv2.jpeg
https://static.wixstatic.com/media/d9828b_972fc43de93547e594ece91e6bf35506~mv2.jpg,https://static.wixstatic.com/media/64b604_1c7a6f5934a94c3db696e6ae8d264266~mv2.jpeg
https://static.wixstatic.com/media/d9828b_9734538a094e40e38a785c02d1306eeb~mv2.jpg,https://static.wixstatic.com/media/64b604_0d3a7de7e0b848faaaf6a25c921063bf~mv2.jpeg
https://static.wixstatic.com/media/d9828b_9786cd9b838a4f38bf2a53f9df41d02f~mv2.jpg,https://static.wixstatic.com/media/64b604_19bb6c7c2752453bb9e2e841f8c6d9f5~mv2.jpeg
https://static.wixstatic.com/media/d9828b_979dcc1222634670a20a364373bd1350~mv2.jpg,https://static.wixstatic.com/media/64b604_c938b75db99b4dbbbf6040c996d002a5~mv2.jpeg
https://static.wixstatic.com/media/d9828b_983b37f7a4964fa5bd17b8c445af5054~mv2.jpg,https://static.wixstatic.com/media/64b604_209923ce11914a6682ff9df0ecd9020a~mv2.jpeg
https://static.wixstatic.com/media/d9828b_9861388d24f24d02b940467962b795ff~mv2.jpg,https://static.wixstatic.com/media/64b604_e4360e673fe84b65ba0995a9ce8a3288~mv2.jpeg
https://static.wixstatic.com/media/d9828b_9861f469d7394bf2aae288c525c0995a~mv2.jpg,https://static.wixstatic.com/media/64b604_73990df58e124fe292128da0f8f5466f~mv2.jpeg
https://static.wixstatic.com/media/d9828b_98fc0bebc79145629e7097f2901b025e~mv2.jpg,https://static.wixstatic.com/media/64b604_28ba25f57cf34c74989e31146d2c7db8~mv2.jpeg
https://static.wixstatic.com/media/d9828b_991a5cb34a8042788e7da226fbce7365~mv2.jpg,https://static.wixstatic.com/media/64b604_4c84dc89b8f14f039eb2274b709eac4a~mv2.jpeg
https://static.wixstatic.com/media/d9828b_991e8ab13e4b4c3e81a77c0c0cad34f9~mv2.jpg,https://static.wixstatic.com/media/64b604_d2fa26e38014418db23c70f3c71c9716~mv2.jpeg
https://static.wixstatic.com/media/d9828b_993166ca24274a8b80e6d1a943cb351d~mv2.jpg,https://static.wixstatic.com/media/64b604_a88e848b991844a2a01ed4c4d90ca13e~mv2.jpeg
https://static.wixstatic.com/media/d9828b_995808959b704303b917dd78c89b1899~mv2.jpg,https://static.wixstatic.com/media/64b604_1d2b013ec0484cc9886237f57f23874e~mv2.jpeg
https://static.wixstatic.com/media/d9828b_99f314828c5e42c692fc0be3e63c8d9c~mv2.jpg,https://static.wixstatic.com/media/64b604_ab9effe1c846454e9f815a0b0b244afa~mv2.jpeg
https://static.wixstatic.com/media/d9828b_9a2e739b80d94fccb9d43e85f587addc~mv2.jpg,https://static.wixstatic.com/media/64b604_7592074fd5414681bc950a87fc3dc3e9~mv2.jpeg
https://static.wixstatic.com/media/d9828b_9a395e2841014836bc36cf55c7566acc~mv2.jpg,https://static.wixstatic.com/media/64b604_8e405d4fd08946d7a0bb6ea2e202281d~mv2.jpeg
https://static.wixstatic.com/media/d9828b_9a47877b794e4d8d919186e3f674adfd~mv2.jpg,https://static.wixstatic.com/media/64b604_507e75ade4724454a996cb6be75dabd4~mv2.jpeg
https://static.wixstatic.com/media/d9828b_9ab220a06f1346d6b909584eeca402d4~mv2.jpg,https://static.wixstatic.com/media/64b604_c4ec0dc7cb38446f86df138a9c6a0f5a~mv2.jpeg
https://static.wixstatic.com/media/d9828b_9ae359a9c80e498294c0d688c7d970c3~mv2.jpg,https://static.wixstatic.com/media/64b604_bee98d3f79f64d6fbd0946e1e81ded1f~mv2.jpeg
https://static.wixstatic.com/media/d9828b_9afe149394594f31b9199cb2a925bd7e~mv2.jpg,https://static.wixstatic.com/media/64b604_cb6b43234e004431bfadedb3faa4c16b~mv2.jpeg
https://static.wixstatic.com/media/d9828b_9c22f88e531b440db140d14f0b0af809~mv2.jpg,https://static.wixstatic.com/media/64b604_698e57af75fd476191e4a59f64192454~mv2.jpeg
https://static.wixstatic.com/media/d9828b_9c40b48e43d842819e38ad85c4282f6d~mv2.jpg,https://static.wixstatic.com/media/64b604_1c018447db2d473394eab43860599cd9~mv2.jpeg
https://static.wixstatic.com/media/d9828b_9c945d53183e48adb9ce993e606ab18b~mv2.jpg,https://static.wixstatic.com/media/64b604_9aba48b8e95349ae8d617be0564895e1~mv2.jpeg
https://static.wixstatic.com/media/d9828b_9cc8365ec37943239dca06be5c9ca13a~mv2.jpg,https://static.wixstatic.com/media/64b604_f178358244df4894bd6440bfb897b8c3~mv2.jpeg
https://static.wixstatic.com/media/d9828b_9d2b5f784da94dbd9a6f5ffe0c96d5c7~mv2.jpg,https://static.wixstatic.com/media/64b604_f7a10a88435e49cf859122956c1a071a~mv2.jpeg
https://static.wixstatic.com/media/d9828b_9d3b0e25b9a64e029d5ca303d73452eb~mv2.jpg,https://static.wixstatic.com/media/64b604_531fcd1edbc8473990200b33382721cf~mv2.jpeg
https://static.wixstatic.com/media/d9828b_9d693844ecc2444697a612dc70b6b71d~mv2.jpg,https://static.wixstatic.com/media/64b604_3f6a975b2bcf497497456f49661a275e~mv2.jpeg
https://static.wixstatic.com/media/d9828b_9d773ec2199b4c699935bbe7f32bdf08~mv2.jpg,https://static.wixstatic.com/media/64b604_8b930b793eb1427eb7f09fa35ef9f526~mv2.jpeg
https://static.wixstatic.com/media/d9828b_9d7a5b74fb5949eb8ff69b01c5bdcede~mv2.jpg,https://static.wixstatic.com/media/64b604_b85922d417ff49178210aa90447eba83~mv2.jpeg
https://static.wixstatic.com/media/d9828b_9e015ee7966844ffb93b20f40bf6d923~mv2.jpg,https://static.wixstatic.com/media/64b604_8b294b60c5594365871b64ce490351c4~mv2.jpeg
https://static.wixstatic.com/media/d9828b_9e1857ebaa3d40a291e1b6235823be5c~mv2.jpg,https://static.wixstatic.com/media/64b604_132bea1bd9ac4f81844f3cd51c06ba95~mv2.jpeg
https://static.wixstatic.com/media/d9828b_9e560f7bce244dc29c4c6cf8b1f9ea2d~mv2.jpg,https://static.wixstatic.com/media/64b604_34b9cf198fae4c72b3eba1106fc607a5~mv2.jpeg
https://static.wixstatic.com/media/d9828b_9e62b2e28fff4e1c88ad3389894d08ef~mv2.jpg,https://static.wixstatic.com/media/64b604_1d92a913c57e48baa6bca58fcaed03fb~mv2.jpeg
https://static.wixstatic.com/media/d9828b_9e8e339d238541de9eb6ac9f00adf9bd~mv2.jpg,https://static.wixstatic.com/media/64b604_729d89a2f2294df7a7da074d2789ea68~mv2.jpeg
https://static.wixstatic.com/media/d9828b_9ef02bf4e608460986c1e3fba9429291~mv2.jpg,https://static.wixstatic.com/media/64b604_d3893dbdd5c34f91befaac34f0639893~mv2.jpeg
https://static.wixstatic.com/media/d9828b_9f28af2a5c7641e3b9f1ae4803ed3f5c~mv2.jpg,https://static.wixstatic.com/media/64b604_9557437739674e04a46472635be2b371~mv2.jpeg
https://static.wixstatic.com/media/d9828b_9f3773b449cf4f11b700fa466d61b15f~mv2.jpg,https://static.wixstatic.com/media/64b604_bab7bd5e4e2b4813bdf73c31583a3709~mv2.jpeg
https://static.wixstatic.com/media/d9828b_a04abac593c04774ae2b3db7bf1a5d38~mv2.jpg,https://static.wixstatic.com/media/64b604_0873bcc5daf44c169002fc6663868c73~mv2.jpeg
https://static.wixstatic.com/media/d9828b_a088bfee25054ccb8d8186ec6db601d4~mv2.png,https://static.wixstatic.com/media/64b604_f094eb63f97744faa89447256b6a59af~mv2.png
https://static.wixstatic.com/media/d9828b_a0ca1af03ef749d7950f1793b6b984d8~mv2.jpg,https://static.wixstatic.com/media/64b604_dabee52338ba4003918e9e1a8dffadc4~mv2.jpeg
https://static.wixstatic.com/media/d9828b_a153fdee2e9c47818f8fe247f6029d9b~mv2.jpg,https://static.wixstatic.com/media/64b604_fede9606d3444ef3a1768118caf1e6c5~mv2.jpeg
https://static.wixstatic.com/media/d9828b_a1e21bbffcc240b99413d5a96f063966~mv2.jpg,https://static.wixstatic.com/media/64b604_31090b4ccfd34deaa6ff04b2b3e9019b~mv2.jpeg
https://static.wixstatic.com/media/d9828b_a2088ce6169a4737a7832f2675d5f0db~mv2.jpg,https://static.wixstatic.com/media/64b604_358e87e9f268476f85d02a9ebed0a4ee~mv2.jpeg
https://static.wixstatic.com/media/d9828b_a22e9b9c9ab4416b8243789ba9d48b40~mv2.jpg,https://static.wixstatic.com/media/64b604_f06c9d3a27014e2e83df7b3d3ff7d0de~mv2.jpeg
https://static.wixstatic.com/media/d9828b_a2762ab82bd8403dbb5fea1928499365~mv2.jpg,https://static.wixstatic.com/media/64b604_ab16dc0882a6435b901dd5979b0f33a7~mv2.jpeg
https://static.wixstatic.com/media/d9828b_a2b28703c8034a42ad921e06782882ea~mv2.jpg,https://static.wixstatic.com/media/64b604_7b9c907a1c80450aad28522350ee2939~mv2.jpeg
https://static.wixstatic.com/media/d9828b_a2c5527cb00c4a19bd5ce79edec4b317~mv2.jpg,https://static.wixstatic.com/media/64b604_9e363d43d0494979a574fd7a3b50676b~mv2.jpeg
https://static.wixstatic.com/media/d9828b_a2cd9607fcca41fba499882584075db1~mv2.jpg,https://static.wixstatic.com/media/64b604_515663e7867e4ffe8b1beb231d4d7967~mv2.jpeg
https://static.wixstatic.com/media/d9828b_a2d0e91fd3cd404db69b3ccdfdc09fa4~mv2.jpg,https://static.wixstatic.com/media/64b604_60c601e61541479ead7012753af1227b~mv2.jpeg
https://static.wixstatic.com/media/d9828b_a341409b3d9c41b2bd9f83efd3b154af~mv2.jpg,https://static.wixstatic.com/media/64b604_7e138abb6fee495db0f94f908516c085~mv2.jpeg
https://static.wixstatic.com/media/d9828b_a3afd9c8f8d64e6aaa3d83096734a13b~mv2.jpg,https://static.wixstatic.com/media/64b604_6d7234a8440e4efc8c736259042333f8~mv2.jpeg
https://static.wixstatic.com/media/d9828b_a3bf1a7d87154c4cb96aa1fffee30009~mv2.jpg,https://static.wixstatic.com/media/64b604_69919d655207423ba3b1ce17bb1e5914~mv2.jpeg
https://static.wixstatic.com/media/d9828b_a3f1b8fe26ca497aae692326ef428623~mv2.jpg,https://static.wixstatic.com/media/64b604_2504daa3317a459788b9dce4f0cd9520~mv2.jpeg
https://static.wixstatic.com/media/d9828b_a4882338ffd74b93846d2eeb78e6f28d~mv2.jpg,https://static.wixstatic.com/media/64b604_8841907fd98244a89eabc25f1a53e272~mv2.jpeg
https://static.wixstatic.com/media/d9828b_a4dbf68abaff4818bc8b18de2adec119~mv2.jpg,https://static.wixstatic.com/media/64b604_bc9ca55dd8cb49cdb5799e84801c76e6~mv2.jpeg
https://static.wixstatic.com/media/d9828b_a4ee87ea194c44ef9f7c493dab6a3c6a~mv2.jpg,https://static.wixstatic.com/media/64b604_2af9a93b9f704350856502042a50ddd5~mv2.jpeg
https://static.wixstatic.com/media/d9828b_a5122ffc4b0d40fda62e77cb194de2f1~mv2.jpg,https://static.wixstatic.com/media/64b604_668b074364c34ded882d300406fb5ed3~mv2.jpeg
https://static.wixstatic.com/media/d9828b_a5c4f5a481fb47098703d735fb694ff9~mv2.jpg,https://static.wixstatic.com/media/64b604_96237e4c6a244948b99942c6f7c43614~mv2.jpeg
https://static.wixstatic.com/media/d9828b_a63d0741f564479b9253ead7b53768f1~mv2.jpg,https://static.wixstatic.com/media/64b604_daa59c9763a0457b895bb8b091d29cb5~mv2.jpeg
https://static.wixstatic.com/media/d9828b_a65c1bd189444475b5afda9be09a5644~mv2.jpg,https://static.wixstatic.com/media/64b604_bbf15270902e4faf920129c32ed6b067~mv2.jpeg
https://static.wixstatic.com/media/d9828b_a68e168f50b046f8a162de91f552bdf9~mv2.jpg,https://static.wixstatic.com/media/64b604_11f1f2ab80bb4b78afb5f6370bed4c41~mv2.jpeg
https://static.wixstatic.com/media/d9828b_a7ab4aa1b1bf43729ada95824bd0a385~mv2.jpg,https://static.wixstatic.com/media/64b604_2aac2492161d4ebda7f7986881f19cdd~mv2.jpeg
https://static.wixstatic.com/media/d9828b_a86e1ed6ebfe4061a8b03f4ff1424709~mv2.jpg,https://static.wixstatic.com/media/64b604_5db9f40ce4bc4b759344032575e2bbf4~mv2.jpeg
https://static.wixstatic.com/media/d9828b_a9059d7289b845b096a6500bfe7e35e9~mv2.jpg,https://static.wixstatic.com/media/64b604_1357bfb1d53d4a6dbbe8fc4ad71bd937~mv2.jpeg
https://static.wixstatic.com/media/d9828b_a90bc2c9a04949bcb4f0708561314862~mv2.jpg,https://static.wixstatic.com/media/64b604_c048f156d317416eaf1036729aae00b5~mv2.jpeg
https://static.wixstatic.com/media/d9828b_a937545e787049c080dcc6a24cc9cf99~mv2.jpg,https://static.wixstatic.com/media/64b604_b709433a2bde4a8ebbc27ff98621c03f~mv2.jpeg
https://static.wixstatic.com/media/d9828b_a940cbd4026244c591064195c44f75e4~mv2.jpg,https://static.wixstatic.com/media/64b604_50f8d0b3586243da99326fe3fa20507c~mv2.jpeg
https://static.wixstatic.com/media/d9828b_a9cddaf95ec7495e833083d74541f3ed~mv2.jpg,https://static.wixstatic.com/media/64b604_82857d6e4fbc4f2b9355f8c6e1c9b1ff~mv2.jpeg
https://static.wixstatic.com/media/d9828b_aab0e206963a4cd69306495c83776e1b~mv2.jpg,https://static.wixstatic.com/media/64b604_00736cc750ae4bc380a72f86fb4355e3~mv2.jpeg
https://static.wixstatic.com/media/d9828b_aaccf35afe8043858b5ccf94928272c9~mv2.jpg,https://static.wixstatic.com/media/64b604_5140b5a114284d1dbad6e237972957ff~mv2.jpeg
https://static.wixstatic.com/media/d9828b_aadfd3d6b6d049e8a7c4000f0960bb7c~mv2.jpg,https://static.wixstatic.com/media/64b604_1d389f48a4a44a888ea229cd6ad48154~mv2.jpeg
https://static.wixstatic.com/media/d9828b_ab17eaa87a444b01953d9c044f1759e7~mv2.jpg,https://static.wixstatic.com/media/64b604_08d73a3c6fb14da5a2922686347ec6bc~mv2.jpeg
https://static.wixstatic.com/media/d9828b_ab303144fe734f7ca833db0219d80e52~mv2.jpg,https://static.wixstatic.com/media/64b604_fabd84874c454389a1316ecfff42b14a~mv2.jpeg
https://static.wixstatic.com/media/d9828b_abe25b7efee54e16a4cf5c1af741e32f~mv2.jpg,https://static.wixstatic.com/media/64b604_036f96fbc76248a08346adb9c6ce6d0c~mv2.jpeg
https://static.wixstatic.com/media/d9828b_ac1a8edb421f4234995a584f81595603~mv2.jpg,https://static.wixstatic.com/media/64b604_8893e83ec2fe479ab2f9e37c537ad397~mv2.jpeg
https://static.wixstatic.com/media/d9828b_acdc9480bc914dd9af86d1a5028f52b3~mv2.jpg,https://static.wixstatic.com/media/64b604_67d1162df55748898f0bd74acabd4f83~mv2.jpeg
https://static.wixstatic.com/media/d9828b_acf32c6783ea4cb48b4b3cf021e9f490~mv2.jpg,https://static.wixstatic.com/media/64b604_57a625b9bd544b80a8c10332cabafd7e~mv2.jpeg
https://static.wixstatic.com/media/d9828b_ad1af40daf1e4287af48359dcdb0b526~mv2.jpg,https://static.wixstatic.com/media/64b604_b52336d3404e4ad899f5a142c234605c~mv2.jpeg
https://static.wixstatic.com/media/d9828b_ad349809aadf467fa84a25cfdc58dadc~mv2.jpg,https://static.wixstatic.com/media/64b604_6aebd8023adc451d9b52bb8fba1e4777~mv2.jpeg
https://static.wixstatic.com/media/d9828b_ad704b7fecd84cf0909a31f5026e2054~mv2.jpg,https://static.wixstatic.com/media/64b604_a686370bc0f64759b10af21598702f72~mv2.jpeg
https://static.wixstatic.com/media/d9828b_ad8affc5ad544ca6b4841c18b1a0578b~mv2.jpg,https://static.wixstatic.com/media/64b604_f49f94829a794373940073ba4bd4b744~mv2.jpeg
https://static.wixstatic.com/media/d9828b_aeaa9243b88049f1b91625261782e32a~mv2.jpg,https://static.wixstatic.com/media/64b604_c4b62f75b10646f8940e05c9c97f1012~mv2.jpeg
https://static.wixstatic.com/media/d9828b_aec477e104a14605b01da381e8459be2~mv2.jpg,https://static.wixstatic.com/media/64b604_0a41664ee9de493d9406eb8de0137e4b~mv2.jpeg
https://static.wixstatic.com/media/d9828b_aef5e35cf6594b868a68c2f2067b63a6~mv2.jpg,https://static.wixstatic.com/media/64b604_3592a9831cca4f48afd6f95bb19aea20~mv2.jpeg
https://static.wixstatic.com/media/d9828b_af4cc8b943e54faebece087a5a3d154c~mv2.jpg,https://static.wixstatic.com/media/64b604_591d030d29f44f9e983b360e6f762205~mv2.jpeg
https://static.wixstatic.com/media/d9828b_afaab7537d504f499583f4808742f66d~mv2.jpg,https://static.wixstatic.com/media/64b604_3a571a259c5941f296bca56bca73be6e~mv2.jpeg
https://static.wixstatic.com/media/d9828b_afd8a8227569496592e8a72c72b0d76f~mv2.jpg,https://static.wixstatic.com/media/64b604_77ca4dfeabac4d27af3de47d388f81c9~mv2.jpeg
https://static.wixstatic.com/media/d9828b_b013d1e5a5964e63b831c4d882c568e9~mv2.jpg,https://static.wixstatic.com/media/64b604_06945c548e694e8795802e41c97b0ccf~mv2.jpeg
https://static.wixstatic.com/media/d9828b_b04e14fad28f41bfb192717aafb9118f~mv2.jpg,https://static.wixstatic.com/media/64b604_7ce70a731e8e4a1fb55c227873fd010e~mv2.jpeg
https://static.wixstatic.com/media/d9828b_b0597321bc514be085d0f416c662f910~mv2.jpg,https://static.wixstatic.com/media/64b604_976b964871324f1091bc70a4cdcdd74b~mv2.jpeg
https://static.wixstatic.com/media/d9828b_b12cf036b893427198646967b1a20285~mv2.jpg,https://static.wixstatic.com/media/64b604_befebc2cee0b4ff182b564a4c4908f74~mv2.jpeg
https://static.wixstatic.com/media/d9828b_b139f601d96d4922a406e4fd2db93b5b~mv2.jpg,https://static.wixstatic.com/media/64b604_de434389df924983b80eaddd69d6f9d6~mv2.jpeg
https://static.wixstatic.com/media/d9828b_b15f62e3b06d40f091901b1642432aec~mv2.jpg,https://static.wixstatic.com/media/64b604_fce82bc63f8e42f494e3fecd5062564b~mv2.jpeg
https://static.wixstatic.com/media/d9828b_b16676927ee34dd9a1f78643de2b6738~mv2.jpg,https://static.wixstatic.com/media/64b604_d0b79a20e72c484a900f91ff6740d818~mv2.jpeg
https://static.wixstatic.com/media/d9828b_b171c3bedf424de78bfa1f5702321a77~mv2.jpg,https://static.wixstatic.com/media/64b604_2b09c12635344d8eb3f20726cadcc416~mv2.jpeg
https://static.wixstatic.com/media/d9828b_b18544ca24c7411da3f3741454bdbc2a~mv2.jpg,https://static.wixstatic.com/media/64b604_43f6240ff3ba422d92ac8e4461d83a2d~mv2.jpeg
https://static.wixstatic.com/media/d9828b_b1ae5b7fab084c6293519e4f4230cf62~mv2.jpg,https://static.wixstatic.com/media/64b604_cf256d55bfb1466ca04e43f6174a13d0~mv2.jpeg
https://static.wixstatic.com/media/d9828b_b1bda3aa8b52475e8b74098ef11e17b0~mv2.jpg,https://static.wixstatic.com/media/64b604_af376c0188a049998870751dfd8b199b~mv2.jpeg
https://static.wixstatic.com/media/d9828b_b237ec795718450bbd52bff29b9d2174~mv2.jpg,https://static.wixstatic.com/media/64b604_46615f85ac454962907f465c1d8dd909~mv2.jpeg
https://static.wixstatic.com/media/d9828b_b24937d0bcf24215beb7b2d78d59cdbf~mv2.jpg,https://static.wixstatic.com/media/64b604_d7fc07de7c1d442eb398cd36336cc52a~mv2.jpeg
https://static.wixstatic.com/media/d9828b_b256564b75ba438baccd946069aed89f~mv2.jpg,https://static.wixstatic.com/media/64b604_aafbf6180299480abc88b62fbe6f8e9b~mv2.jpeg
https://static.wixstatic.com/media/d9828b_b28f346ff04743d7ad61a86024b67d59~mv2.jpg,https://static.wixstatic.com/media/64b604_4c322156535d49cc89a10723368351a1~mv2.jpeg
https://static.wixstatic.com/media/d9828b_b2ee301072d545a0b45f36d81a9abb46~mv2.jpg,https://static.wixstatic.com/media/64b604_43a78491c2fa4ae6a3f188962f2f050f~mv2.jpeg
https://static.wixstatic.com/media/d9828b_b32f3036844a46dc8101ad0ea5f82e88~mv2.jpg,https://static.wixstatic.com/media/64b604_366e0a03372e4ddaa8848126ddd25c05~mv2.jpeg
https://static.wixstatic.com/media/d9828b_b33feb8eb1eb4a1586d41b61f54c76e2~mv2.jpg,https://static.wixstatic.com/media/64b604_272ff6daa1234d998d1194634a712931~mv2.jpeg
https://static.wixstatic.com/media/d9828b_b3607eb119aa4e6ba618ee62084830d6~mv2.jpg,https://static.wixstatic.com/media/64b604_c41cd725c82844aea0f8c05276c05fc5~mv2.jpeg
https://static.wixstatic.com/media/d9828b_b38d08347f574d9ca885416b5df893d9~mv2.jpg,https://static.wixstatic.com/media/64b604_a159273bfcc8402ebb9e7d69ffa45c87~mv2.jpeg
https://static.wixstatic.com/media/d9828b_b38eb650126248a0a5fca4ea5408d38c~mv2.jpg,https://static.wixstatic.com/media/64b604_8b3b5b88f8f344c0827f6866ad79ea0f~mv2.jpeg
https://static.wixstatic.com/media/d9828b_b390fe2121d54d1abd18b441e59132ed~mv2.jpg,https://static.wixstatic.com/media/64b604_adaca8ab06e046d1979eb79ef5f397d7~mv2.jpeg
https://static.wixstatic.com/media/d9828b_b3b42866c5d7402cbc1e08fae1274f1a~mv2.jpg,https://static.wixstatic.com/media/64b604_51e8fbfd348648edaeda578981ee3d07~mv2.jpeg
https://static.wixstatic.com/media/d9828b_b44206a3b69045ada56499ef3c3cc30b~mv2.jpg,https://static.wixstatic.com/media/64b604_6f335dcec3bc4d6c9dfc75ecf2a54542~mv2.jpeg
https://static.wixstatic.com/media/d9828b_b4591933ffbb4d73bed0597ef6e78b36~mv2.jpg,https://static.wixstatic.com/media/64b604_ac42df7b7d04456f8e2280e8eb0a9947~mv2.jpeg
https://static.wixstatic.com/media/d9828b_b4b538fa7a1b48228d6f1be0798e8b7e~mv2.jpg,https://static.wixstatic.com/media/64b604_4a49adab34be41b98645aa475bcddfa5~mv2.jpeg
https://static.wixstatic.com/media/d9828b_b53d1f7ccbd14352b9ecc82e59485e96~mv2.jpg,https://static.wixstatic.com/media/64b604_0abd18b6b05d4fed9c545ebd95ada002~mv2.jpeg
https://static.wixstatic.com/media/d9828b_b557c7c2173245ccab336eabc7938435~mv2.jpg,https://static.wixstatic.com/media/64b604_4341cb7ad30a4d2793e05c78741cfae4~mv2.jpeg
https://static.wixstatic.com/media/d9828b_b5f0e57058c44864a38e79f128d7c60c~mv2.jpg,https://static.wixstatic.com/media/64b604_da81738efd314bf3b9d8816d34633518~mv2.jpeg
https://static.wixstatic.com/media/d9828b_b64f4443195541cca66e8a49c52dda6e~mv2.jpg,https://static.wixstatic.com/media/64b604_f7344898597f4d26ae0a16d25e6097d0~mv2.jpeg
https://static.wixstatic.com/media/d9828b_b686370dfc4c45d39fb60035d009c80a~mv2.jpg,https://static.wixstatic.com/media/64b604_97b75dcf556546fd95697a5ccad89ae3~mv2.jpeg
https://static.wixstatic.com/media/d9828b_b68cee567d464fb6b637bc81157d4737~mv2.jpg,https://static.wixstatic.com/media/64b604_dbf870f3b32c46fb8c5821ea831f3505~mv2.jpeg
https://static.wixstatic.com/media/d9828b_b6bf7c9fc5e947ec8db45274f682eca1~mv2.jpg,https://static.wixstatic.com/media/64b604_12edfd48ec51432fbf534916afea53be~mv2.jpeg
https://static.wixstatic.com/media/d9828b_b6e4d73df7c248e5a8d6e54a3b0504cb~mv2.jpg,https://static.wixstatic.com/media/64b604_5901ab94f08146c5bca216a0e3886e44~mv2.jpeg
https://static.wixstatic.com/media/d9828b_b6f0750b4e5b4b488fc609b0e2432307~mv2.jpg,https://static.wixstatic.com/media/64b604_ac0a0260175b40acb4916a9550de48dc~mv2.jpeg
https://static.wixstatic.com/media/d9828b_b74c87ba04534f4cbe2df8f9c403efb5~mv2.jpg,https://static.wixstatic.com/media/64b604_59837074eef94f8cb4178fee18644d2e~mv2.jpeg
https://static.wixstatic.com/media/d9828b_b76779870d434c0e9c928bddc37de2b9~mv2.jpg,https://static.wixstatic.com/media/64b604_68fe67c2fd9e48cf991a5bcaec240c3d~mv2.jpeg
https://static.wixstatic.com/media/d9828b_b7b68fcb17bc439e97e5f80e26128f47~mv2.jpg,https://static.wixstatic.com/media/64b604_ba862daf50264670ac24458a92dd843d~mv2.jpeg
https://static.wixstatic.com/media/d9828b_b7bfb622767b4d3b87f911cbbd427b83~mv2.jpg,https://static.wixstatic.com/media/64b604_7ba498a2073b45e0a5a191b7c8769cf9~mv2.jpeg
https://static.wixstatic.com/media/d9828b_b858002e5e5144e8b722bca7f2b1aa06~mv2.jpg,https://static.wixstatic.com/media/64b604_f18fddd3af8540c18a24c0faf25f39bb~mv2.jpeg
https://static.wixstatic.com/media/d9828b_b9399560250a49e59901e4a46b87f8c4~mv2.jpg,https://static.wixstatic.com/media/64b604_c84bfd630ae144fc936e489eee06ca00~mv2.jpeg
https://static.wixstatic.com/media/d9828b_b95285ecb60b4d1ca4cc586900bb6465~mv2.jpg,https://static.wixstatic.com/media/64b604_fcf24f7e0fb745419a421ea3c0a73638~mv2.jpeg
https://static.wixstatic.com/media/d9828b_b986f1912f604a36b81faaeadd3df36a~mv2.jpg,https://static.wixstatic.com/media/64b604_31d43e469fb24e829f042038cd8c7051~mv2.jpeg
https://static.wixstatic.com/media/d9828b_b9bef72d949e4fc0ab5822e3f4507ece~mv2.jpg,https://static.wixstatic.com/media/64b604_c47c507e661340a8a2996c3a6b4c6c9c~mv2.jpeg
https://static.wixstatic.com/media/d9828b_b9eddd97876c4698a837c8f44d0282a3~mv2.jpg,https://static.wixstatic.com/media/64b604_16d6bb3c24ec49eba27a69b6242453cc~mv2.jpeg
https://static.wixstatic.com/media/d9828b_b9f0dde5d3d84987a033a0f9e1a3e38a~mv2.jpg,https://static.wixstatic.com/media/64b604_0c06f32cabe64258b2b6e3a02b7efe1d~mv2.jpeg
https://static.wixstatic.com/media/d9828b_ba16b2129b294cd5b651861d89195327~mv2.jpg,https://static.wixstatic.com/media/64b604_2587f30ba6484bf68be8c787f089e595~mv2.jpeg
https://static.wixstatic.com/media/d9828b_bafdebe8b9cf46d5ba298daeb0f220d1~mv2.jpg,https://static.wixstatic.com/media/64b604_d4c4fef2d0254c5b8680ac8e1edf0bf4~mv2.jpeg
https://static.wixstatic.com/media/d9828b_bb2e7b405eed4fa78fb9703082bae5ca~mv2.jpg,https://static.wixstatic.com/media/64b604_fe0f540f908a493fbc785bad211774f8~mv2.jpeg
https://static.wixstatic.com/media/d9828b_bb67d592d9114021889c8c7fd3899427~mv2.jpg,https://static.wixstatic.com/media/64b604_815535bf840446379a082730852c0456~mv2.jpeg
https://static.wixstatic.com/media/d9828b_bba4cd0e8bd34504b02fe52cbc002be5~mv2.jpg,https://static.wixstatic.com/media/64b604_f205fbcc112c485889cf916980e5fc23~mv2.jpeg
https://static.wixstatic.com/media/d9828b_bc3385876fa543b2acee2cb03a1741c1~mv2.jpg,https://static.wixstatic.com/media/64b604_940177374d5542b098ad6c74a37c2ec7~mv2.jpeg
https://static.wixstatic.com/media/d9828b_bc9b0087dc1343b7936fb1a73257eb78~mv2.jpg,https://static.wixstatic.com/media/64b604_c24bfd4ec12b41fe84991bc3e63ee8d0~mv2.jpeg
https://static.wixstatic.com/media/d9828b_bcdab1627ac744bf8d5e1d145103b7d1~mv2.jpg,https://static.wixstatic.com/media/64b604_b00d375a623f40aabb655336620ff2d6~mv2.jpeg
https://static.wixstatic.com/media/d9828b_bdcfefa0639e4f6dabc72aaaf12547fa~mv2.jpg,https://static.wixstatic.com/media/64b604_d9c45fce361a4192b7345e9247cd0e07~mv2.jpeg
https://static.wixstatic.com/media/d9828b_bde14c4b6a104f0b8eaae98c9d43ce75~mv2.jpg,https://static.wixstatic.com/media/64b604_cbb980ba39c141a18f81696dbabc5404~mv2.jpeg
https://static.wixstatic.com/media/d9828b_be267fd9fed14b7bbe6562b909faf6f4~mv2.jpg,https://static.wixstatic.com/media/64b604_0de8e6af8d804436a4bd610e0bb73bd0~mv2.jpeg
https://static.wixstatic.com/media/d9828b_be996a40fe354cb4bab495e1de605967~mv2.jpg,https://static.wixstatic.com/media/64b604_fb7df5043c48499c87ed898a7d010566~mv2.jpeg
https://static.wixstatic.com/media/d9828b_bf33fed73aab4efe85671eb54fa6ac27~mv2.jpg,https://static.wixstatic.com/media/64b604_05a0a295f29c41729c0b41494d2f1fe0~mv2.jpeg
https://static.wixstatic.com/media/d9828b_bf46db9379434a55bedce7d8b5158c0b~mv2.jpg,https://static.wixstatic.com/media/64b604_69fbb18c527340c79538499f98f49c23~mv2.jpeg
https://static.wixstatic.com/media/d9828b_bf573dd52e0d4ee9b785b000e52bced1~mv2.jpg,https://static.wixstatic.com/media/64b604_2ef9c4c5a5eb4c2099e1726d344d1677~mv2.jpeg
https://static.wixstatic.com/media/d9828b_bf8c62c3cf9a4ce5a99bfc37f77a295c~mv2.jpg,https://static.wixstatic.com/media/64b604_24c3a7b04df14c15ad8c1de63a37ce1c~mv2.jpeg
https://static.wixstatic.com/media/d9828b_bfec9101870049a1b5d6b4b1c994799d~mv2.jpg,https://static.wixstatic.com/media/64b604_b5bdc2d2067a49d1a6d531a84fa66f33~mv2.jpeg
https://static.wixstatic.com/media/d9828b_c0072de36d7e4cfc96b7a6ddd32541f2~mv2.jpg,https://static.wixstatic.com/media/64b604_9d4ae4aa91644d74b4c09effe6613ef5~mv2.jpeg
https://static.wixstatic.com/media/d9828b_c0111508ee804ea1ad3fbcfe690b95c6~mv2.jpg,https://static.wixstatic.com/media/64b604_1f7b7fa232f84dcfb4ac8e25e76e78c4~mv2.jpeg
https://static.wixstatic.com/media/d9828b_c02b89a78599421cb2c2000008ad9ea9~mv2.jpg,https://static.wixstatic.com/media/64b604_974339dc037941c2b40bcd92c56226ce~mv2.jpeg
https://static.wixstatic.com/media/d9828b_c0b8a91bfcc64b499e53784c39f56945~mv2.jpg,https://static.wixstatic.com/media/64b604_ce34f80c2f3c4e11ae14f37bf6edef4c~mv2.jpeg
https://static.wixstatic.com/media/d9828b_c0bf46a5ecfa4a198d715a1bb6bd6857~mv2.jpg,https://static.wixstatic.com/media/64b604_a2041a53c52542bfa13929ac8a3d99ce~mv2.jpeg
https://static.wixstatic.com/media/d9828b_c0d539a02c96408a98a7a0784df7cffc~mv2.jpg,https://static.wixstatic.com/media/64b604_06b6234567f745efbf15784c32173f3e~mv2.jpeg
https://static.wixstatic.com/media/d9828b_c123cb6842f74cf996c13cd0b582a056~mv2.jpg,https://static.wixstatic.com/media/64b604_a2debb5b90fb4f669a1f2560254a6c89~mv2.jpeg
https://static.wixstatic.com/media/d9828b_c138a11bfab84f5a8d8b4da75af2d29b~mv2.jpg,https://static.wixstatic.com/media/64b604_78b583bc265d4a5487722c4432158860~mv2.jpeg
https://static.wixstatic.com/media/d9828b_c17d107a12e844e1b8db08a0cc11b514~mv2.jpg,https://static.wixstatic.com/media/64b604_c6de139e4bac4f5384c2dc237f29c67e~mv2.jpeg
https://static.wixstatic.com/media/d9828b_c1c207bb96094d7ab766da130d4eb54e~mv2.jpg,https://static.wixstatic.com/media/64b604_20e9eb2188dc4c2ab118474ba0281394~mv2.jpeg
https://static.wixstatic.com/media/d9828b_c237d4eee0594badac0673e43a33a3f6~mv2.jpg,https://static.wixstatic.com/media/64b604_877e785e7dc54216aeab8070a64033dd~mv2.jpeg
https://static.wixstatic.com/media/d9828b_c2d0342af9bf40ab8558a719e52796ea~mv2.jpg,https://static.wixstatic.com/media/64b604_a259e265fda94a599c7707f059d6f854~mv2.jpeg
https://static.wixstatic.com/media/d9828b_c33379ca53274a9989c4d58d6dda3fa7~mv2.jpg,https://static.wixstatic.com/media/64b604_394691f42ee24044ac8aba902fe04fad~mv2.jpeg
https://static.wixstatic.com/media/d9828b_c34dac640c54422a961384cf4bedc6ca~mv2.jpg,https://static.wixstatic.com/media/64b604_6f55fbc5917b46fcb76ebadd1e66b908~mv2.jpeg
https://static.wixstatic.com/media/d9828b_c3a6a65784fb461caeb94cc2bbe90297~mv2.jpg,https://static.wixstatic.com/media/64b604_5fdbc913893a478c9abbc972ba7dfe5d~mv2.jpeg
https://static.wixstatic.com/media/d9828b_c44a1f6320604ceca7f6de34f53c07b0~mv2.jpg,https://static.wixstatic.com/media/64b604_a35a4eb7f0d149919bf119eeb0fc6a39~mv2.jpeg
https://static.wixstatic.com/media/d9828b_c48c597fd2c74c578671dab233d341f8~mv2.jpg,https://static.wixstatic.com/media/64b604_fcd2578f98214e158cf0da09af845b24~mv2.jpeg
https://static.wixstatic.com/media/d9828b_c4da33e12e8648b69302dd040f3ae4da~mv2.jpg,https://static.wixstatic.com/media/64b604_76a6d79870ce4cd5ae73380b7a0c9ea0~mv2.jpeg
https://static.wixstatic.com/media/d9828b_c54592dea6684f10bed556f353837a6f~mv2.jpg,https://static.wixstatic.com/media/64b604_cc2c51e02bdc4e1792a1c0da6f05df58~mv2.jpeg
https://static.wixstatic.com/media/d9828b_c54608f242294cd0bf4d56849926d67c~mv2.jpg,https://static.wixstatic.com/media/64b604_950a1942367f41408050c59d5d21b983~mv2.jpeg
https://static.wixstatic.com/media/d9828b_c548321f5a53437996e4773d981aa1e7~mv2.jpg,https://static.wixstatic.com/media/64b604_4f799e383ad04b19b20758bf3e84ca3d~mv2.jpeg
https://static.wixstatic.com/media/d9828b_c5546adb9b824bd0b5287101b4439702~mv2.jpg,https://static.wixstatic.com/media/64b604_adfe5be6812144119147ed681c90afa0~mv2.jpeg
https://static.wixstatic.com/media/d9828b_c59158f9271c4497a3024de73b44c9ff~mv2.jpg,https://static.wixstatic.com/media/64b604_8c7aedcac24b4499ad4abb6d47fff125~mv2.jpeg
https://static.wixstatic.com/media/d9828b_c5d5fd9dcaaf429bad6f55c460a2ec88~mv2.jpg,https://static.wixstatic.com/media/64b604_68d4d02bf63e454e9db2f18e646cc573~mv2.jpeg
https://static.wixstatic.com/media/d9828b_c5d9d0e20e5c4a8ba2d0377193f2c9d2~mv2.jpg,https://static.wixstatic.com/media/64b604_43fe4fcac06c4543a75da785894fc282~mv2.jpeg
https://static.wixstatic.com/media/d9828b_c6709a78b95442baa72f071aaea1f3e9~mv2.jpg,https://static.wixstatic.com/media/64b604_8f4fdc28bfd04029bf67c429020bdc85~mv2.jpeg
https://static.wixstatic.com/media/d9828b_c681bb5e225040d1bff1a0e068c84b58~mv2.jpg,https://static.wixstatic.com/media/64b604_dc0cd91cf2434c86b9269e48ecd8174f~mv2.jpeg
https://static.wixstatic.com/media/d9828b_c6821297b7fe462992d4844270d028db~mv2.jpg,https://static.wixstatic.com/media/64b604_3f38d09232de4a56a49c83234a585369~mv2.jpeg
https://static.wixstatic.com/media/d9828b_c6daf260ec0348d588816030ac681297~mv2.jpg,https://static.wixstatic.com/media/64b604_c9e73982d6194845ba795fbc4cdae945~mv2.jpeg
https://static.wixstatic.com/media/d9828b_c6fa3a1e986d478abb7919ea0106c638~mv2.jpg,https://static.wixstatic.com/media/64b604_40ee1b05b5d34801a0ff42326b8be165~mv2.jpeg
https://static.wixstatic.com/media/d9828b_c7278f7201834cc5ab2979f274b059e5~mv2.jpg,https://static.wixstatic.com/media/64b604_d4ccfb0749d94caeb2c0ec0dac27e781~mv2.jpeg
https://static.wixstatic.com/media/d9828b_c7bcfaab4b7a4a0db6013baaa507b686~mv2.jpg,https://static.wixstatic.com/media/64b604_47905cad925e4f1caa45d1ad81079e52~mv2.jpeg
https://static.wixstatic.com/media/d9828b_c8221277ae3f41b795b74ff734480105~mv2.jpg,https://static.wixstatic.com/media/64b604_bb247195d2f44fa885884e2ef5a53e0c~mv2.jpeg
https://static.wixstatic.com/media/d9828b_c89a5e9a6ea2478186bcbba7c4843e55~mv2.jpg,https://static.wixstatic.com/media/64b604_88d9447d5a7248099fdd7c6246c646a0~mv2.jpeg
https://static.wixstatic.com/media/d9828b_c8b8160c965b46e786570aaa4c0e5067~mv2.jpg,https://static.wixstatic.com/media/64b604_9ca1ad9b3aab479bb7961398911bff36~mv2.jpeg
https://static.wixstatic.com/media/d9828b_c8cfe8d505a6465fa8fe69400f93e5fe~mv2.jpg,https://static.wixstatic.com/media/64b604_2123278d7bf34b8dbdd44d0dc5d17728~mv2.jpeg
https://static.wixstatic.com/media/d9828b_c985e3bf73d34a05a4d39934086398bb~mv2.jpg,https://static.wixstatic.com/media/64b604_d7dc69a57e4f4718959a1d20bf660c4a~mv2.jpeg
https://static.wixstatic.com/media/d9828b_c9af6b16b1b44e288260d4aad13f1cbe~mv2.jpg,https://static.wixstatic.com/media/64b604_97c81f5cc1fb468a9c5d92083ca4e5c7~mv2.jpeg
https://static.wixstatic.com/media/d9828b_c9f2f12b91da4c7d8a48595b83316cd3~mv2.jpg,https://static.wixstatic.com/media/64b604_c13c78390e994e58a713652a650ccaa6~mv2.jpeg
https://static.wixstatic.com/media/d9828b_ca4eaee37ed84618ba188aa6e6183fd4~mv2.jpg,https://static.wixstatic.com/media/64b604_08e3c64ad1c54f2fab1fb8d547826841~mv2.jpeg
https://static.wixstatic.com/media/d9828b_cb51d4667e9d41edb456b89e7e6d37ac~mv2.jpg,https://static.wixstatic.com/media/64b604_1445e5a43fe74937b49dafbaeee196e3~mv2.jpeg
https://static.wixstatic.com/media/d9828b_cb6dbd8f08c84c9a8958372f1df95c33~mv2.jpg,https://static.wixstatic.com/media/64b604_7db565f786a6462184fb61e6964209d6~mv2.jpeg
https://static.wixstatic.com/media/d9828b_cbf1c1b055ff43e1902b4f07642dc742~mv2.jpg,https://static.wixstatic.com/media/64b604_83b8b1c17cc841d480c0087c8b8a1b93~mv2.jpeg
https://static.wixstatic.com/media/d9828b_cc0f7f9c6290426b92c575c031de96e5~mv2.jpg,https://static.wixstatic.com/media/64b604_1b974879b77c43b6b06136ec35d6edf1~mv2.jpeg
https://static.wixstatic.com/media/d9828b_cc5424f53a0a48228406858abf015bfb~mv2.jpg,https://static.wixstatic.com/media/64b604_16875229862046178a62ea42f6ceb122~mv2.jpeg
https://static.wixstatic.com/media/d9828b_cc546ae222a44d449937a018f938d94b~mv2.jpg,https://static.wixstatic.com/media/64b604_cbd4b6984fb847e2a2a3ae3061db781c~mv2.jpeg
https://static.wixstatic.com/media/d9828b_cc62349453604b258759e7968967f78f~mv2.jpg,https://static.wixstatic.com/media/64b604_0d499b5f03b24e71b18da04b91062734~mv2.jpeg
https://static.wixstatic.com/media/d9828b_cc69a7684e0b488b9b4372df229601a8~mv2.jpg,https://static.wixstatic.com/media/64b604_76d79ade972644d0aee7cb7b30f4acf3~mv2.jpeg
https://static.wixstatic.com/media/d9828b_cc8701a1baaa46c5aae268b79e8ab9fb~mv2.jpg,https://static.wixstatic.com/media/64b604_f945bf0a34a64955b771c19507397c7a~mv2.jpeg
https://static.wixstatic.com/media/d9828b_ccaf87b6733f476e81372e810e924a4b~mv2.jpg,https://static.wixstatic.com/media/64b604_797d5fa46d8048eb880628bf9001eff3~mv2.jpeg
https://static.wixstatic.com/media/d9828b_ccf98a0e23944898846af9a30f0b9384~mv2.jpg,https://static.wixstatic.com/media/64b604_3f1046e0d3374fd3a8d9da757411e32f~mv2.jpeg
https://static.wixstatic.com/media/d9828b_cd263b3d33974eefbddaeb45bfcd8800~mv2.jpg,https://static.wixstatic.com/media/64b604_7b46acc41c384ef284d592a891a2cf5d~mv2.jpeg
https://static.wixstatic.com/media/d9828b_cd3a356d6925476986fa32125ee1f715~mv2.jpg,https://static.wixstatic.com/media/64b604_6ef9441ec6684d4c81ee95a591d44175~mv2.jpeg
https://static.wixstatic.com/media/d9828b_cdb7994f5c984fe0b36bbe285d9d691c~mv2.jpg,https://static.wixstatic.com/media/64b604_0875669953c140c9b33585bf187134b0~mv2.jpeg
https://static.wixstatic.com/media/d9828b_cdd2b0ad726c40a5bb6fe9b50534ac81~mv2.jpg,https://static.wixstatic.com/media/64b604_5870762dabc645cca5811d0835df1e78~mv2.jpeg
https://static.wixstatic.com/media/d9828b_ce611d95d53743358d642a1a7c30ac0b~mv2.jpg,https://static.wixstatic.com/media/64b604_2d809c18ba9d45679e6a3f8e21260b21~mv2.jpeg
https://static.wixstatic.com/media/d9828b_cec56acee666435d965bf5a77414642e~mv2.jpg,https://static.wixstatic.com/media/64b604_84abd1b21db54edf89414b5b9cca9168~mv2.jpeg
https://static.wixstatic.com/media/d9828b_cfc31263ac224653a66f437b333aa783~mv2.jpg,https://static.wixstatic.com/media/64b604_97ba447ad9434f84b6cba823d6186b71~mv2.jpeg
https://static.wixstatic.com/media/d9828b_cfc48e8f6bb7418f9bb88e9ae99ef11c~mv2.jpg,https://static.wixstatic.com/media/64b604_8d23014785c24088b15a9ce3e60f151f~mv2.jpeg
https://static.wixstatic.com/media/d9828b_d00f65a8cfce4d5e9e5427011a88173b~mv2.jpg,https://static.wixstatic.com/media/64b604_a01b8ad2049a44dd9544cd716c515442~mv2.jpeg
https://static.wixstatic.com/media/d9828b_d0321c07d9f14b1da7dad0736b05cc66~mv2.jpg,https://static.wixstatic.com/media/64b604_9e25bd4511af44dcb88e89a124519cde~mv2.jpeg
https://static.wixstatic.com/media/d9828b_d07307a9b1e24bdd8db8181aefd8ff48~mv2.jpg,https://static.wixstatic.com/media/64b604_d387b51836ad4ec79c63ffc02666c3a9~mv2.jpeg
https://static.wixstatic.com/media/d9828b_d0a6ff38b2854f51b94dd382c543eadc~mv2.jpg,https://static.wixstatic.com/media/64b604_d8e4ed2bb7ec40a5b9ed40d59ebce732~mv2.jpeg
https://static.wixstatic.com/media/d9828b_d1278cf62e7b4d3aae4ae6d90803522f~mv2.jpg,https://static.wixstatic.com/media/64b604_d69d08097b9d4233b7dc62e802b58638~mv2.jpeg
https://static.wixstatic.com/media/d9828b_d131085041e74538a2ca846712921e5a~mv2.jpg,https://static.wixstatic.com/media/64b604_99fc21ef18974a268d31544799d293a6~mv2.jpeg
https://static.wixstatic.com/media/d9828b_d1480d3bbaab4a769da11b87ba9a0a45~mv2.jpg,https://static.wixstatic.com/media/64b604_db2d6beaf4a7462b97957bac214abaf9~mv2.jpeg
https://static.wixstatic.com/media/d9828b_d1ade30b09d74bd991d00bf452d0f21e~mv2.jpg,https://static.wixstatic.com/media/64b604_37097af78bac4ab19f4e757eb1819fcc~mv2.jpeg
https://static.wixstatic.com/media/d9828b_d222852f106c4a0bb3a07aa73da3dda2~mv2.jpg,https://static.wixstatic.com/media/64b604_8552ba370a8544619aa10a55dc19d768~mv2.jpeg
https://static.wixstatic.com/media/d9828b_d23a71ddecf3498bbc70b5f710852617~mv2.jpg,https://static.wixstatic.com/media/64b604_bd6642cb0e9f403c9ca46cfc4ecbf40b~mv2.jpeg
https://static.wixstatic.com/media/d9828b_d26af80bcc4940db863a0ecfd3dafe44~mv2.jpg,https://static.wixstatic.com/media/64b604_1c016dc508bf4bf296f81b9e7bb5a250~mv2.jpeg
https://static.wixstatic.com/media/d9828b_d2aa076d68c74ba1ac0a5450bfafdba9~mv2.jpg,https://static.wixstatic.com/media/64b604_4b08ced39c49482597384598c0a166dd~mv2.jpeg
https://static.wixstatic.com/media/d9828b_d408f12e46714a748e3e2a06e6138876~mv2.jpg,https://static.wixstatic.com/media/64b604_270762ef04fa44a995412c7a7ea3d5e3~mv2.jpeg
https://static.wixstatic.com/media/d9828b_d40f5294bfae4a4d83b3410bd466268c~mv2.jpg,https://static.wixstatic.com/media/64b604_43fe5c4925814d26b65905534aa71e63~mv2.jpeg
https://static.wixstatic.com/media/d9828b_d466f714fec64c7f8d19b157e7f7f0c3~mv2.jpg,https://static.wixstatic.com/media/64b604_0627415752264cb780bc3b30042c6e72~mv2.jpeg
https://static.wixstatic.com/media/d9828b_d4faa349c73a4b01937df955a210af60~mv2.jpg,https://static.wixstatic.com/media/64b604_fe9e288a532c471c9d5994b8030407fe~mv2.jpeg
https://static.wixstatic.com/media/d9828b_d5791b39fa014d3199d294c929e790c9~mv2.jpg,https://static.wixstatic.com/media/64b604_efe4b857d803449c94972b038618a968~mv2.jpeg
https://static.wixstatic.com/media/d9828b_d62e1249de88439ea548ae08fca84922~mv2.jpg,https://static.wixstatic.com/media/64b604_c127f7a3a78041d884d1068c0626021b~mv2.jpeg
https://static.wixstatic.com/media/d9828b_d65632d575ba4edd94330d02a736c424~mv2.jpg,https://static.wixstatic.com/media/64b604_f69cc94522374dc3890ea29e41b4b527~mv2.jpeg
https://static.wixstatic.com/media/d9828b_d725968b79854ca9a0fa2624f9061eac~mv2.jpg,https://static.wixstatic.com/media/64b604_9ad948fd9884401c9e4f8c3cf63b5561~mv2.jpeg
https://static.wixstatic.com/media/d9828b_d74d699cc18e4b128fb91d1c7a9cdf3f~mv2.jpg,https://static.wixstatic.com/media/64b604_3c04dc65bbdc4f90a8ead6a5bb0d748e~mv2.jpeg
https://static.wixstatic.com/media/d9828b_d78e16091412484bb05e39908fdba977~mv2.jpg,https://static.wixstatic.com/media/64b604_7bd280037fe54170b8f223bb94f71eb2~mv2.jpeg
https://static.wixstatic.com/media/d9828b_d7b6b74955b941c582cf600d323d7610~mv2.jpg,https://static.wixstatic.com/media/64b604_299fa1ee80a445609a5ed2451bacd558~mv2.jpeg
https://static.wixstatic.com/media/d9828b_d7bf9d30afa64876a63534cee7a5e0bb~mv2.jpg,https://static.wixstatic.com/media/64b604_43e9ac1f8c5145bfb6678970779cdd3c~mv2.jpeg
https://static.wixstatic.com/media/d9828b_d7d8caecbe2648ceb39e751fb4ae6a55~mv2.jpg,https://static.wixstatic.com/media/64b604_e26541910ef74149913cb0c585243e9d~mv2.jpeg
https://static.wixstatic.com/media/d9828b_d91b36387f924c3298b1c1d088b8f915~mv2.jpg,https://static.wixstatic.com/media/64b604_fb03804ca5a74a239c03d0ac37065302~mv2.jpeg
https://static.wixstatic.com/media/d9828b_d93a7d364ced411d845d18e6c4e3db07~mv2.jpg,https://static.wixstatic.com/media/64b604_db13505dabef4c27b4130edc03d526e7~mv2.jpeg
https://static.wixstatic.com/media/d9828b_d9974ad55756436e8048731ed96bd547~mv2.jpg,https://static.wixstatic.com/media/64b604_664c5132febf46ad8a4081d2a2ac3111~mv2.jpeg
https://static.wixstatic.com/media/d9828b_d9a74a566544411e996472184ffbab26~mv2.jpg,https://static.wixstatic.com/media/64b604_13a8df72f8cb4d78be6e0cc7cd7c4900~mv2.jpeg
https://static.wixstatic.com/media/d9828b_d9c0e622862e4347bc0f2ff45daa5b2b~mv2.jpg,https://static.wixstatic.com/media/64b604_4ccb5da049f7440b9a1d3f86869d31da~mv2.jpeg
https://static.wixstatic.com/media/d9828b_da3b37fafb8f43eead0e3d9b3dea6f4d~mv2.jpg,https://static.wixstatic.com/media/64b604_b78bc093db8346a195c5921b8a6dad98~mv2.jpeg
https://static.wixstatic.com/media/d9828b_db76395f3a1042a1aebf16da348f2355~mv2.jpg,https://static.wixstatic.com/media/64b604_821bd8c8c66f4cd6a5836be7d6caa63e~mv2.jpeg
https://static.wixstatic.com/media/d9828b_db960dc53f6c4d308ae4da6aa0dc7035~mv2.jpg,https://static.wixstatic.com/media/64b604_df017c438b664f72bcde7aa881314e82~mv2.jpeg
https://static.wixstatic.com/media/d9828b_dba3238fb947478e8010e75b6f5e12c7~mv2.jpg,https://static.wixstatic.com/media/64b604_757806b1544e4b8799d04abadf26854f~mv2.jpeg
https://static.wixstatic.com/media/d9828b_dbb5bb704c844d368b7249fd78889aca~mv2.jpg,https://static.wixstatic.com/media/64b604_d8be43685e4e4bb79c152b359bd06e46~mv2.jpeg
https://static.wixstatic.com/media/d9828b_dbed66ddc50e4feb950561eb23ca7ae1~mv2.jpg,https://static.wixstatic.com/media/64b604_28852cfb0f4b422887799dc80c91d0f3~mv2.jpeg
https://static.wixstatic.com/media/d9828b_dc02f282885e43e7ac96231fdb21a3cc~mv2.jpg,https://static.wixstatic.com/media/64b604_f769a0cdb73847059581b19126fda697~mv2.jpeg
https://static.wixstatic.com/media/d9828b_dce0e3a56f1447ac8743c1d92e6dd080~mv2.jpg,https://static.wixstatic.com/media/64b604_24d8159ca79847e6b29019c6147c8361~mv2.jpeg
https://static.wixstatic.com/media/d9828b_dd36b52fc52a485fa1d65752ea45c417~mv2.jpg,https://static.wixstatic.com/media/64b604_b0062023c56c468a9476c313bdb9d755~mv2.jpeg
https://static.wixstatic.com/media/d9828b_dd4b243141aa4345b96f100441dc2a06~mv2.jpg,https://static.wixstatic.com/media/64b604_22159d00804142bdbb12fadf21bf8fab~mv2.jpeg
https://static.wixstatic.com/media/d9828b_dd6a9810870c45248ce23edc5ac62b04~mv2.jpg,https://static.wixstatic.com/media/64b604_adc759c5f63d4e3d8ed352839df99ea4~mv2.jpeg
https://static.wixstatic.com/media/d9828b_dd82917f8e2042bab65ccf6f8428051d~mv2.jpg,https://static.wixstatic.com/media/64b604_8ccd2ce624504c8ba2205523e13cef21~mv2.jpeg
https://static.wixstatic.com/media/d9828b_dd89e6b90ea74fa8a63b78f888c3b7b3~mv2.jpg,https://static.wixstatic.com/media/64b604_713c3c7573a440848d4d475526deee03~mv2.jpeg
https://static.wixstatic.com/media/d9828b_dedef0dc4e0d4175b28c1f0abdf40e49~mv2.jpg,https://static.wixstatic.com/media/64b604_c1ee663fd4e7478bb5e45a3bfbc27e88~mv2.jpeg
https://static.wixstatic.com/media/d9828b_df2706e8b74a4625ab71c8ed3726e60f~mv2.jpg,https://static.wixstatic.com/media/64b604_e05e5bf2ef5b4e9f982f1298d39e5dd5~mv2.jpeg
https://static.wixstatic.com/media/d9828b_df9ffc08cb4d446b825261c3c14923a8~mv2.jpg,https://static.wixstatic.com/media/64b604_c8f6f31cab474ddaa20bf3e062981dc2~mv2.jpeg
https://static.wixstatic.com/media/d9828b_dfe81723f16548b79fed1163188e25e3~mv2.jpg,https://static.wixstatic.com/media/64b604_df369aa5d1e44167a35c1ad03ff0a9cc~mv2.jpeg
https://static.wixstatic.com/media/d9828b_e0d9b6a7e643439b92d43d2c6b4111e3~mv2.jpg,https://static.wixstatic.com/media/64b604_a81210ebdfad4cd38ffebfda25fcabf7~mv2.jpeg
https://static.wixstatic.com/media/d9828b_e11019144a96401ebbe72e57a5c64659~mv2.jpg,https://static.wixstatic.com/media/64b604_6f7b936188c14465aed8f2459be69c9f~mv2.jpeg
https://static.wixstatic.com/media/d9828b_e171f073ddcc49569ec48928d57be27e~mv2.jpg,https://static.wixstatic.com/media/64b604_af15380fcee246a7876652328b27c211~mv2.jpeg
https://static.wixstatic.com/media/d9828b_e191828c17224642b678c4dc40376857~mv2.jpg,https://static.wixstatic.com/media/64b604_9e961241e5d94972840742d28bd17444~mv2.jpeg
https://static.wixstatic.com/media/d9828b_e1d4aaf47bc64d728afff9708aba0063~mv2.jpg,https://static.wixstatic.com/media/64b604_cd353ab715e4426fb26338d92ff99158~mv2.jpeg
https://static.wixstatic.com/media/d9828b_e1ecaf61cfe040ef853683c459f45ae3~mv2.jpg,https://static.wixstatic.com/media/64b604_66fb369b621c49df9a9f5daa964c8e33~mv2.jpeg
https://static.wixstatic.com/media/d9828b_e255186a998245feb11b03584cb13f57~mv2.jpg,https://static.wixstatic.com/media/64b604_9afdefe9cb8541c191420adee0ba005e~mv2.jpeg
https://static.wixstatic.com/media/d9828b_e277279db9624b4cb3141ad4d04f4fc0~mv2.jpg,https://static.wixstatic.com/media/64b604_348f4a5cc55d4383b321e28548997b51~mv2.jpeg
https://static.wixstatic.com/media/d9828b_e2b1989bb512423f8236aba06412265f~mv2.jpg,https://static.wixstatic.com/media/64b604_d4349d84b35f4ccb86d8f6fe09826566~mv2.jpeg
https://static.wixstatic.com/media/d9828b_e2c829e9a6d74aa483d1c11a737978a3~mv2.jpg,https://static.wixstatic.com/media/64b604_5e12de3c1c7548fa89052ebcd3730e91~mv2.jpeg
https://static.wixstatic.com/media/d9828b_e31c536137ee4ae49f988394bc841701~mv2.jpg,https://static.wixstatic.com/media/64b604_7bbf4ff2be934f2483a903571df59261~mv2.jpeg
https://static.wixstatic.com/media/d9828b_e320f285c9cb4ca49e8c92b9cf25487d~mv2.jpg,https://static.wixstatic.com/media/64b604_24a355f7fa9d415ab086c797acf6faab~mv2.jpeg
https://static.wixstatic.com/media/d9828b_e3288b50f60f43dfbc91595aca1b978d~mv2.jpg,https://static.wixstatic.com/media/64b604_e5ee92dd6fe6429286c975ada6a29d3f~mv2.jpeg
https://static.wixstatic.com/media/d9828b_e39f74ab87be4f4a99d60f5e87b8db1e~mv2.jpg,https://static.wixstatic.com/media/64b604_b667e6f4d0c1425aa80d0fbac20c3b93~mv2.jpeg
https://static.wixstatic.com/media/d9828b_e42908806f734cfe92c7c46533326401~mv2.jpg,https://static.wixstatic.com/media/64b604_a9c3caa32ae1424fba08bcb275ed21d6~mv2.jpeg
https://static.wixstatic.com/media/d9828b_e43dcc10c9fc49b48abc62fb376f697c~mv2.jpg,https://static.wixstatic.com/media/64b604_d45d7d1b651f4f339354e09b1b8b75e4~mv2.jpeg
https://static.wixstatic.com/media/d9828b_e46c7d7883e24abe802da734dda4bb83~mv2.jpg,https://static.wixstatic.com/media/64b604_458e1c76dc6f4f399a93df96f6c64ea6~mv2.jpeg
https://static.wixstatic.com/media/d9828b_e4bad68ae7234a40b5b061ffbae0de90~mv2.jpg,https://static.wixstatic.com/media/64b604_6d73a46f2efb403986541ecb89bb187d~mv2.jpeg
https://static.wixstatic.com/media/d9828b_e4f34455bbf4462983813de9255c8cc1~mv2.jpg,https://static.wixstatic.com/media/64b604_8b1d1a1f05a14dd5afac84e71719dff4~mv2.jpeg
https://static.wixstatic.com/media/d9828b_e5000b0f562d439e8099b38343cec546~mv2.jpg,https://static.wixstatic.com/media/64b604_3fc0571b62c24f54b65e9c122aaa1a1a~mv2.jpeg
https://static.wixstatic.com/media/d9828b_e55786d128fa4d38a7e5bf499c297d9e~mv2.jpg,https://static.wixstatic.com/media/64b604_0ca865503ee640e5b15143144bab0559~mv2.jpeg
https://static.wixstatic.com/media/d9828b_e5e29ccbbc3a401b8bc19be80d4a53de~mv2.jpg,https://static.wixstatic.com/media/64b604_05a88b6c74864824a2b02f3b17900e42~mv2.jpeg
https://static.wixstatic.com/media/d9828b_e5e6be6cf61949439db2b94ca6fcebf5~mv2.jpg,https://static.wixstatic.com/media/64b604_1969193a41fe48e4913d9cc9c946d8d0~mv2.jpeg
https://static.wixstatic.com/media/d9828b_e6007ecca713404ea3c948463d44b8df~mv2.jpg,https://static.wixstatic.com/media/64b604_5c5b56e25cd7470aadefab25a238f353~mv2.jpeg
https://static.wixstatic.com/media/d9828b_e6032a644762491e81014c296654f88a~mv2.jpg,https://static.wixstatic.com/media/64b604_ead68d8063b44e9ea50e60f4fdd1594a~mv2.jpeg
https://static.wixstatic.com/media/d9828b_e6bac556c9184109a493e123efae98fa~mv2.jpg,https://static.wixstatic.com/media/64b604_081d5304cd70482fa4e77d100ae80fca~mv2.jpeg
https://static.wixstatic.com/media/d9828b_e7118c7c7f5d48f39881710ed0f063bd~mv2.jpg,https://static.wixstatic.com/media/64b604_98a37e816a8b43409034006501a4ea76~mv2.jpeg
https://static.wixstatic.com/media/d9828b_e73a21e2ec4c4dc9917cd65a8d3bb62b~mv2.jpg,https://static.wixstatic.com/media/64b604_095aeb579c41403d9da39d94f5c8a633~mv2.jpeg
https://static.wixstatic.com/media/d9828b_e7fd8eb20a06471d8c02745b136253bb~mv2.jpg,https://static.wixstatic.com/media/64b604_82207e4a391141eca701104aeb131c05~mv2.jpeg
https://static.wixstatic.com/media/d9828b_e82f6a1f606b46478afd37626d22943c~mv2.jpg,https://static.wixstatic.com/media/64b604_e74d3da0aa9b438eb028a890fdc67342~mv2.jpeg
https://static.wixstatic.com/media/d9828b_e85f0df3dec740a8bc824d5b9aa46c13~mv2.jpg,https://static.wixstatic.com/media/64b604_a6865622dbfd4126a4f98968574cccbe~mv2.jpeg
https://static.wixstatic.com/media/d9828b_e89c6a5e9a5f40ec863fa1c696b8491d~mv2.jpg,https://static.wixstatic.com/media/64b604_38cacfa536974beb98f68bd49c603a6f~mv2.jpeg
https://static.wixstatic.com/media/d9828b_e8a348608cfe4098875e9c25d18b18b9~mv2.jpg,https://static.wixstatic.com/media/64b604_76977a7b003a4c46a476ee530faa1a5d~mv2.jpeg
https://static.wixstatic.com/media/d9828b_e99c11e9436045ae9ad1324b8a3b65c8~mv2.jpg,https://static.wixstatic.com/media/64b604_ffc60cb913a8436b9db288bca0fac162~mv2.jpeg
https://static.wixstatic.com/media/d9828b_ea975df7804a49759c36b42b963cdd85~mv2.jpg,https://static.wixstatic.com/media/64b604_989c3c702a384553869441e0c6798675~mv2.jpeg
https://static.wixstatic.com/media/d9828b_eb0256858ce94ef19a908dccf9bf10f2~mv2.jpg,https://static.wixstatic.com/media/64b604_37994c15069a49d1981d0ecaff7ad416~mv2.jpeg
https://static.wixstatic.com/media/d9828b_eb0c501caf4743f5892122b4ff31b58d~mv2.jpg,https://static.wixstatic.com/media/64b604_072e7a8c054a466a8d448387d2551387~mv2.jpeg
https://static.wixstatic.com/media/d9828b_eb8e0337c9074bedb72058772e70186d~mv2.jpg,https://static.wixstatic.com/media/64b604_7355c96a38494f5796e0648481079f88~mv2.jpeg
https://static.wixstatic.com/media/d9828b_eba87cba809346dcb71ac1caa5aa9d43~mv2.jpg,https://static.wixstatic.com/media/64b604_1edf084e3d844220987ba14574c9aedf~mv2.jpeg
https://static.wixstatic.com/media/d9828b_ebd9b03f5cbe4b4e813797598274564c~mv2.jpg,https://static.wixstatic.com/media/64b604_2eb9ee81fc7e4357ab705f5ba81bb7f5~mv2.jpeg
https://static.wixstatic.com/media/d9828b_ebe6aa0d0c71473d881a75c8ec0201c7~mv2.jpg,https://static.wixstatic.com/media/64b604_252ec4a6bc584c48b06f685af3db954a~mv2.jpeg
https://static.wixstatic.com/media/d9828b_ec50795bef68459c86ce679cb50b475b~mv2.jpg,https://static.wixstatic.com/media/64b604_b74b9055d43740c5a95ac309082c131c~mv2.jpeg
https://static.wixstatic.com/media/d9828b_ecdb47fe297f46339eb5787dd3adae3b~mv2.jpg,https://static.wixstatic.com/media/64b604_a9fb08a50c404074a9c4a460033e1399~mv2.jpeg
https://static.wixstatic.com/media/d9828b_ed540304c07b4728aea597314ffb8aca~mv2.jpg,https://static.wixstatic.com/media/64b604_dee55c5d67c447eabea9cb2b9cfb9fdb~mv2.jpeg
https://static.wixstatic.com/media/d9828b_ed54a63873eb429d84f81bbc576109ec~mv2.jpg,https://static.wixstatic.com/media/64b604_b0b336524f0a49828964ad84efd99c2a~mv2.jpeg
https://static.wixstatic.com/media/d9828b_ed85fe87ab72490f84716e962ac8d6e6~mv2.jpg,https://static.wixstatic.com/media/64b604_40c9bf393b3d4f749a44e931410e0c78~mv2.jpeg
https://static.wixstatic.com/media/d9828b_eec40946a4ce4df7ae4e7a7cfdcafafe~mv2.jpg,https://static.wixstatic.com/media/64b604_40d7ef8b35484172b643ef296459b7b1~mv2.jpeg
https://static.wixstatic.com/media/d9828b_eee6fba011b046c3b04d2ccc3498f23e~mv2.jpg,https://static.wixstatic.com/media/64b604_5a46613da0db464598bca5a0f357d18a~mv2.jpeg
https://static.wixstatic.com/media/d9828b_eef32763b2e74befa508a15f195b6520~mv2.jpg,https://static.wixstatic.com/media/64b604_31aaec9acda343ed9131e3d9c293e4c4~mv2.jpeg
https://static.wixstatic.com/media/d9828b_eefa96ac1fd0435a916b3b8360ad6704~mv2.jpg,https://static.wixstatic.com/media/64b604_5cbc5cba2e5d45b99fc6ccf20260d28d~mv2.jpeg
https://static.wixstatic.com/media/d9828b_ef25a5b593214153bbdfb69c5fc5451a~mv2.jpg,https://static.wixstatic.com/media/64b604_93fdd1936b8d44649ca24257a472cc7e~mv2.jpeg
https://static.wixstatic.com/media/d9828b_ef4b64b1276f4866acd383e434309f73~mv2.jpg,https://static.wixstatic.com/media/64b604_1ae25194343c4c298c3a09dabe3a9ead~mv2.jpeg
https://static.wixstatic.com/media/d9828b_efac8046b8d54a50919dbc37895f3b8e~mv2.jpg,https://static.wixstatic.com/media/64b604_71f2d7f601c84f2485f0b88957f6881d~mv2.jpeg
https://static.wixstatic.com/media/d9828b_efcf046be2454b7da1aba7a025df7719~mv2.jpg,https://static.wixstatic.com/media/64b604_84c1481aa5d942c785d307ad90874282~mv2.jpeg
https://static.wixstatic.com/media/d9828b_f0352348b28b4ddb847457e57e8c91e4~mv2.jpg,https://static.wixstatic.com/media/64b604_f840a7b9e0b1433889ed1a6e634445cd~mv2.jpeg
https://static.wixstatic.com/media/d9828b_f0af7394aec940f99129fc0e62455d97~mv2.jpg,https://static.wixstatic.com/media/64b604_e89bd1a0195a4ea0873d9b5abb548a40~mv2.jpeg
https://static.wixstatic.com/media/d9828b_f0f2a6b6faef4f97ab83d169350f1d34~mv2.jpg,https://static.wixstatic.com/media/64b604_c40e638c5a1146f5a911cebf1874446b~mv2.jpeg
https://static.wixstatic.com/media/d9828b_f13c62cbd51e4c38978b0d2d65e6a715~mv2.jpg,https://static.wixstatic.com/media/64b604_b8350ab015cc4ec2b46436d41e71177a~mv2.jpeg
https://static.wixstatic.com/media/d9828b_f1cbe5e4abd049ef96e875a9f60593ce~mv2.jpg,https://static.wixstatic.com/media/64b604_30133db266c54ce2a2f0a2e6d9b51cc3~mv2.jpeg
https://static.wixstatic.com/media/d9828b_f23e603043774e93b2f96c6ba92c9adc~mv2.jpg,https://static.wixstatic.com/media/64b604_ae07fcb2e77b4174ab7cdc88d3eebccf~mv2.jpeg
https://static.wixstatic.com/media/d9828b_f25016d85cfa4ec78bb660656dc68a4a~mv2.jpg,https://static.wixstatic.com/media/64b604_eed3dcc7e4fa4c8a9cb47ae779e423d2~mv2.jpeg
https://static.wixstatic.com/media/d9828b_f256ca58bcc544d98e5e3be53c631dac~mv2.jpg,https://static.wixstatic.com/media/64b604_5631b5612377414ab784253c4d0f8ba1~mv2.jpeg
https://static.wixstatic.com/media/d9828b_f2cb8bf88f5a49e28564ee4a184eaca0~mv2.jpg,https://static.wixstatic.com/media/64b604_3d0c3ff261b5476d97d2873ecabe1de9~mv2.jpeg
https://static.wixstatic.com/media/d9828b_f2f4633249504b5f896d908dca4691b8~mv2.jpg,https://static.wixstatic.com/media/64b604_2f8ed0f51326402da7c7d7289870d2bd~mv2.jpeg
https://static.wixstatic.com/media/d9828b_f363e69a8a1b4d82b465f491afd83cd1~mv2.jpg,https://static.wixstatic.com/media/64b604_59d977d85141442f88c9e1df86554aed~mv2.jpeg
https://static.wixstatic.com/media/d9828b_f3696c24d4854f39bb0d0933752611bf~mv2.jpg,https://static.wixstatic.com/media/64b604_61fe0a5189f846eeba8977684cf0e234~mv2.jpeg
https://static.wixstatic.com/media/d9828b_f384fc42037c4ad4aaf809de34283b7d~mv2.jpg,https://static.wixstatic.com/media/64b604_a82c4ed26f7441db93ff8d54554879e0~mv2.jpeg
https://static.wixstatic.com/media/d9828b_f3c5f8428de8419981a806fa474d8b67~mv2.jpg,https://static.wixstatic.com/media/64b604_92df9e8bef1a43f3b0d261c2e297ad7f~mv2.jpeg
https://static.wixstatic.com/media/d9828b_f3e126afb8774447b5211d02e23a78fd~mv2.jpg,https://static.wixstatic.com/media/64b604_2fcb74e2925a47f587bbcc82d91e5cfe~mv2.jpeg
https://static.wixstatic.com/media/d9828b_f3e17fb8f5354700891e44e1e5243691~mv2.jpg,https://static.wixstatic.com/media/64b604_3d383140cfa24d1fbeebf4b9f5ce5f00~mv2.jpeg
https://static.wixstatic.com/media/d9828b_f43e108bf7264d33b90362a5af8b4240~mv2.jpg,https://static.wixstatic.com/media/64b604_40c3d0ef6fca402c85dfb29a9328f26a~mv2.jpeg
https://static.wixstatic.com/media/d9828b_f4478974a66244efa6ebc3ac70762d7b~mv2.jpg,https://static.wixstatic.com/media/64b604_31b05bddcb8546e68bc9ee8af1e02c90~mv2.jpeg
https://static.wixstatic.com/media/d9828b_f46ca3857dcd42fe930f2b1e38843a95~mv2.jpg,https://static.wixstatic.com/media/64b604_6e6c6e258a0f415da14e814d953b21db~mv2.jpeg
https://static.wixstatic.com/media/d9828b_f4af34dd916a4306ad037a14c9a34089~mv2.jpg,https://static.wixstatic.com/media/64b604_00bb8704f44c4acca09ad2dfa9b8a595~mv2.jpeg
https://static.wixstatic.com/media/d9828b_f4f7f926890f47328179cb48b2902f7a~mv2.jpg,https://static.wixstatic.com/media/64b604_436cee6d24ab49b981214ad4ceb0cc91~mv2.jpeg
https://static.wixstatic.com/media/d9828b_f53f35d8875e4829b75e4c22119207c6~mv2.jpg,https://static.wixstatic.com/media/64b604_7d25a283113f4859bc16106de5c1be13~mv2.jpeg
https://static.wixstatic.com/media/d9828b_f5a665e109d94e9c9342e9ac20868da3~mv2.jpg,https://static.wixstatic.com/media/64b604_9b0957fc432f4e6c983a666cf22c9d2d~mv2.jpeg
https://static.wixstatic.com/media/d9828b_f5e669fee0404368911dbbd13d08b1eb~mv2.jpg,https://static.wixstatic.com/media/64b604_35df9b19480e439fb7ff7400eebfc13a~mv2.jpeg
https://static.wixstatic.com/media/d9828b_f6010c8b20e140e4a1b9dcaed82ce838~mv2.jpg,https://static.wixstatic.com/media/64b604_8ff9de41d9d64055bca0cdf3bb190729~mv2.jpeg
https://static.wixstatic.com/media/d9828b_f626e1b504264f0c9904f58125e0e8ea~mv2.jpg,https://static.wixstatic.com/media/64b604_527d68eb8b0c4841bf34fbe3368a8628~mv2.jpeg
https://static.wixstatic.com/media/d9828b_f66794b9795c42d987d74351295ccbb7~mv2.jpg,https://static.wixstatic.com/media/64b604_6f4012efb3184c9e8aa55a1d30b9fe8d~mv2.jpeg
https://static.wixstatic.com/media/d9828b_f698e85a2f6a472f8e72e872c0a3de41~mv2.jpg,https://static.wixstatic.com/media/64b604_e65785ef782d4d5a8a85e894959c12f9~mv2.jpeg
https://static.wixstatic.com/media/d9828b_f6f3dd53068e4e98879eb6e225caf644~mv2.jpg,https://static.wixstatic.com/media/64b604_db2ab02acb934c71a2cdd3fd72a9042d~mv2.jpeg
https://static.wixstatic.com/media/d9828b_f720005ace1544549c98cc41fa45385b~mv2.jpg,https://static.wixstatic.com/media/64b604_b9182f8bce454ec297f4834020f99cbd~mv2.jpeg
https://static.wixstatic.com/media/d9828b_f7295eef8b7a4f3fa00737065438cb63~mv2.jpg,https://static.wixstatic.com/media/64b604_a2376e50597d46368e8f00f5ed75d5fc~mv2.jpeg
https://static.wixstatic.com/media/d9828b_f766235b70c44c7ca2649ff417707a0a~mv2.jpg,https://static.wixstatic.com/media/64b604_d0f8e444a1784f16b7ee35aff8743ff1~mv2.jpeg
https://static.wixstatic.com/media/d9828b_f7bff44ccb0e46a8b312bb75f1cd49b6~mv2.jpg,https://static.wixstatic.com/media/64b604_45ea774010324d0eae746d5fd7b7c008~mv2.jpeg
https://static.wixstatic.com/media/d9828b_f7f50ecaa4884d87b2aae14617d821cb~mv2.jpg,https://static.wixstatic.com/media/64b604_567be9a8e8d241a1b122db9444e29e00~mv2.jpeg
https://static.wixstatic.com/media/d9828b_f85a1ce5682443eea3b519b008baf321~mv2.jpg,https://static.wixstatic.com/media/64b604_ae773d9a6ce64266980afd8754f2f431~mv2.jpeg
https://static.wixstatic.com/media/d9828b_f85cca70e73f454c81e114a01400a535~mv2.jpg,https://static.wixstatic.com/media/64b604_f44f8fe96ad942f4936e7cd8ea7eb6e1~mv2.jpeg
https://static.wixstatic.com/media/d9828b_f8d07a224c6047e0a6399c19084b2187~mv2.jpg,https://static.wixstatic.com/media/64b604_a6eddcf85e7a440eafd27a4c078212dd~mv2.jpeg
https://static.wixstatic.com/media/d9828b_f8f0a11cb1c7467fa8dc8331962c0a88~mv2.jpg,https://static.wixstatic.com/media/64b604_80213895d1a545278781ecfa3f429968~mv2.jpeg
https://static.wixstatic.com/media/d9828b_f933ee0ad3494687a53196063bfea3b3~mv2.jpg,https://static.wixstatic.com/media/64b604_b20a449df93b4e848d61f4086d925705~mv2.jpeg
https://static.wixstatic.com/media/d9828b_f96c8a42f8a94cea8e66092e74bfe1d4~mv2.jpg,https://static.wixstatic.com/media/64b604_6522350fdb724b9fa1a2b619877f4de2~mv2.jpeg
https://static.wixstatic.com/media/d9828b_f98683ca720a4f9b83813e3504485cd1~mv2.jpg,https://static.wixstatic.com/media/64b604_891a6e14226249a0847377875b3d46b1~mv2.jpeg
https://static.wixstatic.com/media/d9828b_f98d3bdcf53a425e8da821dcd0f75fbd~mv2.jpg,https://static.wixstatic.com/media/64b604_e54c559ccf1d473ebfd96d132b5c9f49~mv2.jpeg
https://static.wixstatic.com/media/d9828b_f9900bcf255247d8aa93117dca41fb41~mv2.jpg,https://static.wixstatic.com/media/64b604_3692ed83c93a4754b1f1111b770dd604~mv2.jpeg
https://static.wixstatic.com/media/d9828b_f9b9250c154d451b8f1dbdccd42f062c~mv2.jpg,https://static.wixstatic.com/media/64b604_e634b05a03684819b5bb8cac7bfcfbd4~mv2.jpeg
https://static.wixstatic.com/media/d9828b_f9c9eedec21d4955b9423bde9c4dcaa0~mv2.jpg,https://static.wixstatic.com/media/64b604_ba563646acdb4cb9b2cb1599a152497a~mv2.jpeg
https://static.wixstatic.com/media/d9828b_fa3c302cf47f47c6b72fa144ec98688b~mv2.jpg,https://static.wixstatic.com/media/64b604_5b29b45bfecb4443a9723e7be11eb1e8~mv2.jpeg
https://static.wixstatic.com/media/d9828b_fb13465edfd44efa8ff61c06ba845f00~mv2.jpg,https://static.wixstatic.com/media/64b604_991e93b8a9b0418aa21e979a4e87e0de~mv2.jpeg
https://static.wixstatic.com/media/d9828b_fb5f8ccedf974e5ba2721856abb32bdf~mv2.jpg,https://static.wixstatic.com/media/64b604_e8a474f13d5b4f66bf5feb94dd0713e6~mv2.jpeg
https://static.wixstatic.com/media/d9828b_fb905ca0c7594ab084d2fa8b91a2bf6b~mv2.jpg,https://static.wixstatic.com/media/64b604_49777594743747b285c6f1dd92003057~mv2.jpeg
https://static.wixstatic.com/media/d9828b_fba1a8f2c85f446bab71e23f85682b72~mv2.jpg,https://static.wixstatic.com/media/64b604_31205cb49072420faded2f80448aa75a~mv2.jpeg
https://static.wixstatic.com/media/d9828b_fbc37a1f66bb4a0c8df5fbbb3d2836a2~mv2.jpg,https://static.wixstatic.com/media/64b604_1f35a96a6a754e6499de0bbab1fce0ed~mv2.jpeg
https://static.wixstatic.com/media/d9828b_fc4be8886b9c4dd3b3d83d101c16fd4b~mv2.jpg,https://static.wixstatic.com/media/64b604_66700e97923748cbb1d2377a91547982~mv2.jpeg
https://static.wixstatic.com/media/d9828b_fcca44ebd6fe4fafb80ea0ac6f79e0a6~mv2.jpg,https://static.wixstatic.com/media/64b604_9583e178a1f7447f923a4bfeef8cb902~mv2.jpeg
https://static.wixstatic.com/media/d9828b_fcccc37e40834103aabe6cfdcf98c1c1~mv2.jpg,https://static.wixstatic.com/media/64b604_fb0cc83f894944a98681c06cd5039ef1~mv2.jpeg
https://static.wixstatic.com/media/d9828b_fce057e1234747c29345c7c9e70a2229~mv2.jpg,https://static.wixstatic.com/media/64b604_4aebc3d3546348cfbd73d9b83a4b6302~mv2.jpeg
https://static.wixstatic.com/media/d9828b_fd2b7545865645a78d8295c27459989e~mv2.jpg,https://static.wixstatic.com/media/64b604_19cdfcf1ee374c179067ed73d03dec74~mv2.jpeg
https://static.wixstatic.com/media/d9828b_fd7a6a06d50442ecb4efe5e0c48379c0~mv2.jpg,https://static.wixstatic.com/media/64b604_62427442ba954278a26b1b16ad5c17ca~mv2.jpeg
https://static.wixstatic.com/media/d9828b_fdaae49535444d428939da6d0f5652f8~mv2.jpg,https://static.wixstatic.com/media/64b604_54fe0fcd78a04af297542037dec8ccc5~mv2.jpeg
https://static.wixstatic.com/media/d9828b_fde2ad6a0bc6410c84a901cac231a50d~mv2.jpg,https://static.wixstatic.com/media/64b604_37852f0736344199aaf3f1bcfe208a2a~mv2.jpeg
https://static.wixstatic.com/media/d9828b_fe2cf39101754c4492d9aa5d0993785c~mv2.jpg,https://static.wixstatic.com/media/64b604_cd5ad2955703456eba1459f6f003407c~mv2.jpeg
https://static.wixstatic.com/media/d9828b_fed71e897cb8406c943c35eea6dbc192~mv2.jpg,https://static.wixstatic.com/media/64b604_3e88dac293c9419788de918fddba21f5~mv2.jpeg
https://static.wixstatic.com/media/d9828b_ff31d3cd5b5e4b22b516cbdf409cc963~mv2.jpg,https://static.wixstatic.com/media/64b604_0f7be59ea6f6404d9993facda7f4bf56~mv2.jpeg
https://static.wixstatic.com/media/d9828b_ff8a7a91e8d54815bdb4ecff04240cbe~mv2.jpg,https://static.wixstatic.com/media/64b604_296278139a8949368e9d5bb5db702146~mv2.jpeg
https://static.wixstatic.com/media/d9828b_ffc118cb9624455d830554cf4f7ffd02~mv2.jpg,https://static.wixstatic.com/media/64b604_64341f46689f47f8b036a214bad02813~mv2.jpeg
https://static.wixstatic.com/media/d9828b_2bcaeb3dfcee4ac09e02c5ef2b9fc41d~mv2.jpg,https://static.wixstatic.com/media/64b604_523186930e5946028762053d55f0b1ce~mv2.jpeg
https://static.wixstatic.com/media/d9828b_88702235d5204eb8a2062465eceac5f9~mv2.jpg,https://static.wixstatic.com/media/64b604_75503cda2c4b4ac3bb503c6a29d09021~mv2.jpeg
https://static.wixstatic.com/media/d9828b_b54105f8c7654bddb2b98a8c32c498a9~mv2.png,https://static.wixstatic.com/media/64b604_0fdb97b825944fcab5668957f3e3c78f~mv2.png
https://static.wixstatic.com/media/d9828b_0be8a50b8f2c46acb0a4a9a33af28fe6~mv2.jpg,https://static.wixstatic.com/media/64b604_0f42533432c64b84adbdfbda61fcc7e7~mv2.jpeg
https://static.wixstatic.com/media/d9828b_0fd9f662b2c349798bcc187519049e51~mv2.png,https://static.wixstatic.com/media/64b604_a246ad05a7824632a3fc77b95b49f865~mv2.png
https://static.wixstatic.com/media/d9828b_10c51c7b08c4488d9c9296202b5f3454~mv2.jpg,https://static.wixstatic.com/media/64b604_9ee44dbc31dd4d6d851071343ea0fa94~mv2.jpeg
https://static.wixstatic.com/media/d9828b_30ba7a6912cf4b50acc835237763db00~mv2.jpg,https://static.wixstatic.com/media/64b604_cfcbd0e2999c4edf9d1c14d721c6a668~mv2.jpeg
https://static.wixstatic.com/media/d9828b_49284dd437964a83bd786722230ee7bf~mv2.png,https://static.wixstatic.com/media/64b604_10035d8e6e5746ddba25990f100b6a9c~mv2.png
https://static.wixstatic.com/media/d9828b_4bfe468c3e494c7baa1d07abca280136~mv2.jpg,https://static.wixstatic.com/media/64b604_be845510679b49f29054081aaa6680a9~mv2.jpeg
https://static.wixstatic.com/media/d9828b_4fe3007045d7473da348c0e9b8d363ab~mv2.png,https://static.wixstatic.com/media/64b604_cda038fb6c9b46ebbe560c90ec86f651~mv2.png
https://static.wixstatic.com/media/d9828b_54abc602b1b9418fb4327dc27ae2928f~mv2.png,https://static.wixstatic.com/media/64b604_2f6c01e12ffd45528979e84fd6f14c6f~mv2.png
https://static.wixstatic.com/media/d9828b_5f2ddd29097a4c6c83d205f0ff3bc984~mv2.jpg,https://static.wixstatic.com/media/64b604_4ea6080e0e5c4c62892adb131d8d6c09~mv2.jpeg
https://static.wixstatic.com/media/d9828b_635e1839b035460388f835d024dee216~mv2.jpg,https://static.wixstatic.com/media/64b604_b071b082c3314191a292bd349728b657~mv2.jpeg
https://static.wixstatic.com/media/d9828b_6b0dfb4b35224028b70c0960d1fcc19e~mv2.png,https://static.wixstatic.com/media/64b604_815aed188e5c4cf8a7ef21b34f7e0c55~mv2.png
https://static.wixstatic.com/media/d9828b_73a402f4b5bc40cf8d3f9e89eee05f43~mv2.jpg,https://static.wixstatic.com/media/64b604_7bd172f47c5e4eb5b44adf0f6a417ffc~mv2.jpeg
https://static.wixstatic.com/media/d9828b_742580d84f934878b83167d3cd0ab455~mv2.jpg,https://static.wixstatic.com/media/64b604_2a5a7c9bc51e4ff297c20073da36fa62~mv2.jpeg
https://static.wixstatic.com/media/d9828b_7704f74b30634709b76a6039e9d2f2da~mv2.jpg,https://static.wixstatic.com/media/64b604_150af085b1024681984084f74ed2ed18~mv2.jpeg
https://static.wixstatic.com/media/d9828b_7d0744e6a26a433ab646be7344333331~mv2.jpg,https://static.wixstatic.com/media/64b604_aefb223caed54067a974d9211b05bbcf~mv2.jpeg
https://static.wixstatic.com/media/d9828b_8cfb03a41bba458e8fbe25aaf22f80de~mv2.png,https://static.wixstatic.com/media/64b604_895b62ced10f4765a1920175f57a2a8d~mv2.png
https://static.wixstatic.com/media/d9828b_8d81de147cb348ffad5bc46408c5e58b~mv2.jpg,https://static.wixstatic.com/media/64b604_83b3ef79823b4e7f8158277f28688173~mv2.jpeg
https://static.wixstatic.com/media/d9828b_9a15bac0c8e1412583f3a1ef682c4ba6~mv2.png,https://static.wixstatic.com/media/64b604_79080b90eb064804b8c16f4d1b927e1c~mv2.png
https://static.wixstatic.com/media/d9828b_9eee10d2942b431a9e9e13c5d8102d47~mv2.jpg,https://static.wixstatic.com/media/64b604_86c217171bd442aab125c865cc5114e6~mv2.jpeg
https://static.wixstatic.com/media/d9828b_a2143f7f12a24fe9b4e319e7dc188966~mv2.png,https://static.wixstatic.com/media/64b604_c4ac481e4f1e46bc91e9bf609d751dc4~mv2.png
https://static.wixstatic.com/media/d9828b_b81030175d81409599f1dfe5fbd13ef2~mv2.png,https://static.wixstatic.com/media/64b604_456a94e3b765492cba6521832c30a273~mv2.png
https://static.wixstatic.com/media/d9828b_c85c17e19d8948e38eb769b85e7d8289~mv2.jpg,https://static.wixstatic.com/media/64b604_1bfca572ffcd440eaf9337b255840409~mv2.jpeg
https://static.wixstatic.com/media/d9828b_cf37a9bbb71646169df17c582ab242b9~mv2.jpg,https://static.wixstatic.com/media/64b604_8647dc6c7d76437f8fd6de4abfa89923~mv2.jpeg
https://static.wixstatic.com/media/d9828b_d101f2cec51941b29131a6439ebcf05f~mv2.jpg,https://static.wixstatic.com/media/64b604_5df0f4da366b4ec8b0032e2e73fefed5~mv2.jpeg
https://static.wixstatic.com/media/d9828b_e15a22599fd840fd8eb4615feb48dadf~mv2.jpg,https://static.wixstatic.com/media/64b604_de151b1e641e4247b0113aa0f8af597c~mv2.jpeg
https://static.wixstatic.com/media/d9828b_e821dd14d7b44480b9635f48fc147c18~mv2.jpg,https://static.wixstatic.com/media/64b604_69c099cebb7b4a43a90ddf4d92ea3465~mv2.jpeg
https://static.wixstatic.com/media/d9828b_ef560578b0f84557810c10b64525d51b~mv2.jpg,https://static.wixstatic.com/media/64b604_8170e7c4bf6a42a58025b697219eb7e2~mv2.jpeg
https://static.wixstatic.com/media/d9828b_01ee6699f540475790cef8f11779998d~mv2.jpg,https://static.wixstatic.com/media/64b604_952be5d06ea04a69bc9932917a74d19c~mv2.jpeg
https://static.wixstatic.com/media/d9828b_17c9b99a75f14787903669f403c5d08c~mv2.jpg,https://static.wixstatic.com/media/64b604_58624372dd254cd1862819ae1f18967c~mv2.jpeg
https://static.wixstatic.com/media/d9828b_19f40f3c1faa4237ba63d5fe42b70647~mv2.jpg,https://static.wixstatic.com/media/64b604_b0cc918ddd644adba6f403392c2cf8c6~mv2.jpeg
https://static.wixstatic.com/media/d9828b_1a1d76a9b76443d5a64141ebcf6c48ca~mv2.jpg,https://static.wixstatic.com/media/64b604_18658688112848b3a375b894dc9a9761~mv2.jpeg
https://static.wixstatic.com/media/d9828b_1b0cc28b25534bf2b516b270b3ed6e17~mv2.jpg,https://static.wixstatic.com/media/64b604_2f12bc452b22496b9086d6f5a95623ad~mv2.jpeg
https://static.wixstatic.com/media/d9828b_23e65475ee2943f694e904a9b6f5e626~mv2.jpg,https://static.wixstatic.com/media/64b604_932f794976474b779eaf5d47aa58498a~mv2.jpeg
https://static.wixstatic.com/media/d9828b_25565b9a221b43e299eb89176d40b856~mv2.jpg,https://static.wixstatic.com/media/64b604_1fb223dce671438ba6e84041ec1ae218~mv2.jpeg
https://static.wixstatic.com/media/d9828b_29642d903cff43bea796e1f479afb749~mv2.jpg,https://static.wixstatic.com/media/64b604_acb37a36f21a43ea937a7f332c0b6169~mv2.jpeg
https://static.wixstatic.com/media/d9828b_35aee13db7ca44508dc3f7b2f8571b7a~mv2.jpg,https://static.wixstatic.com/media/64b604_d8710688375f47928e359dc9b936e689~mv2.jpeg
https://static.wixstatic.com/media/d9828b_3ac1ab9c458848ff8a621af4c3385070~mv2.jpg,https://static.wixstatic.com/media/64b604_eba12b8701834579ba2a30b2bd122351~mv2.jpeg
https://static.wixstatic.com/media/d9828b_3fbb3a3fc5ec49b7865011d0ca482bc3~mv2.jpg,https://static.wixstatic.com/media/64b604_3b2ba7ecaa034316951e9df1a6c5ff74~mv2.jpeg
https://static.wixstatic.com/media/d9828b_3ffcd9422a4b4a168faafcddc8fca915~mv2.jpg,https://static.wixstatic.com/media/64b604_9225bf5be3764aff89bdf709ab0c474e~mv2.jpeg
https://static.wixstatic.com/media/d9828b_4a43c60a2a3343bdb4aad6e86ecf49cb~mv2.png,https://static.wixstatic.com/media/64b604_33ba492a11134da4bf528511adbc6375~mv2.png
https://static.wixstatic.com/media/d9828b_54c7dbff12b54ba295aa04eb7bcf09ac~mv2.jpg,https://static.wixstatic.com/media/64b604_28a42e5cd1994e2a9d2c3c73d0cdbbf4~mv2.jpeg
https://static.wixstatic.com/media/d9828b_59ded53a340e4c799b7cd5fd05869b79~mv2.jpg,https://static.wixstatic.com/media/64b604_c830989a0cc24dbebee253e0e40a7132~mv2.jpeg
https://static.wixstatic.com/media/d9828b_648f327a4a1f498286de9944091cd332~mv2.jpg,https://static.wixstatic.com/media/64b604_90ef583aa5e84c388a54b1091014dae0~mv2.jpeg
https://static.wixstatic.com/media/d9828b_65a1d84ce8814d63beab35b2edd16bb2~mv2.jpg,https://static.wixstatic.com/media/64b604_e54c155ba0154360b5f6da668c16b252~mv2.jpeg
https://static.wixstatic.com/media/d9828b_6b5322c3ac554fa38fc6e44617621092~mv2.jpg,https://static.wixstatic.com/media/64b604_f5a8ead372e44655b39aaacd298b3ef3~mv2.jpeg
https://static.wixstatic.com/media/d9828b_73730af40c8b485aba9b625fff3d6335~mv2.jpg,https://static.wixstatic.com/media/64b604_8f2c3ebd9b634367984a41fc52d1e85b~mv2.jpeg
https://static.wixstatic.com/media/d9828b_7a3674529d954a239ebcdf86611c115c~mv2.jpg,https://static.wixstatic.com/media/64b604_3fd8475e03c14f498b65cf38a78c1830~mv2.jpeg
https://static.wixstatic.com/media/d9828b_7f1a32a8fe10427cafbe647d9c3edc53~mv2.jpg,https://static.wixstatic.com/media/64b604_911989f2e7ec40449e3af16ec76df729~mv2.jpeg
https://static.wixstatic.com/media/d9828b_801cf90ba5e04c7bb182cc61e542e4d5~mv2.jpg,https://static.wixstatic.com/media/64b604_d85ebb0a791444d2bf066d66b56cc28d~mv2.jpeg
https://static.wixstatic.com/media/d9828b_8aafa731b69c4b3a88d442102767effa~mv2.jpg,https://static.wixstatic.com/media/64b604_143fe9a153144f17965e3966f2919892~mv2.jpeg
https://static.wixstatic.com/media/d9828b_8af7c251e6e0488188240060dc43a077~mv2.jpg,https://static.wixstatic.com/media/64b604_a8cfba711da0401491558d7b672900a3~mv2.jpeg
https://static.wixstatic.com/media/d9828b_933450b3dd3348208f95c3e33cd88a82~mv2.jpg,https://static.wixstatic.com/media/64b604_2fadc168b10c4853b32cb35c72fc023b~mv2.jpeg
https://static.wixstatic.com/media/d9828b_94a06d8274bf4fc19d20e895e478b8d7~mv2.jpg,https://static.wixstatic.com/media/64b604_ab764bbc2bd341e593c144de14e3839a~mv2.jpeg
https://static.wixstatic.com/media/d9828b_9a2dd8d6ab744124b24a5874644e9226~mv2.jpg,https://static.wixstatic.com/media/64b604_6d787ec44dd14bb5820d300ba95679dd~mv2.jpeg
https://static.wixstatic.com/media/d9828b_a07e1aed3e8a435fa168a9933d12bfdc~mv2.jpg,https://static.wixstatic.com/media/64b604_4205f0e960d94555857430409d7a840d~mv2.jpeg
https://static.wixstatic.com/media/d9828b_a277d2494c974c12877f2bc2a5739276~mv2.jpg,https://static.wixstatic.com/media/64b604_42982546e42842bda85b0ca6bbcaf941~mv2.jpeg
https://static.wixstatic.com/media/d9828b_a56f5a5658184c74bcb3132dcb85eedc~mv2.jpg,https://static.wixstatic.com/media/64b604_2ad766a98dd9407dbb83a13b6d1fd184~mv2.jpeg
https://static.wixstatic.com/media/d9828b_a6544565e6a948228e0fc5f558cf334b~mv2.jpg,https://static.wixstatic.com/media/64b604_0acd871923c148fc9ac34669bba9d555~mv2.jpeg
https://static.wixstatic.com/media/d9828b_a792dcdfa4054c8fbdf8859a4a1c10df~mv2.jpg,https://static.wixstatic.com/media/64b604_aed71c0306ba4bd08be44753dc10a836~mv2.jpeg
https://static.wixstatic.com/media/d9828b_b3c7e63cfdd04e66aabc6f707088a0f9~mv2.jpg,https://static.wixstatic.com/media/64b604_776ab6a1bcd14db2b95703e59632b2b4~mv2.jpeg
https://static.wixstatic.com/media/d9828b_c2a3ce875fc04ddab5c5fc09a45b230e~mv2.jpg,https://static.wixstatic.com/media/64b604_39e32df33f1f47e9939fc964478ac57b~mv2.jpeg
https://static.wixstatic.com/media/d9828b_c37896be6b8c4f929ec7eca159fbd4fc~mv2.jpg,https://static.wixstatic.com/media/64b604_7d8fdac44e8643f6a717cf071077bf7c~mv2.jpeg
https://static.wixstatic.com/media/d9828b_d344fde378c4422bbb1ae9b9758a0fc9~mv2.jpg,https://static.wixstatic.com/media/64b604_4eebe50b98154767a4488689fc84477b~mv2.jpeg
https://static.wixstatic.com/media/d9828b_d87f143bc3574c599e9a94c33a08f68f~mv2.jpg,https://static.wixstatic.com/media/64b604_e8e26f04f0c244898fc80b18746dacbb~mv2.jpeg
https://static.wixstatic.com/media/d9828b_dcdc2cb563094a3b89805e1df15e038c~mv2.jpg,https://static.wixstatic.com/media/64b604_5849d546b0c34c91ac87049e3cd2c186~mv2.jpeg
https://static.wixstatic.com/media/d9828b_dd8ce18a72e94c4fa877aa68589c2ca2~mv2.jpg,https://static.wixstatic.com/media/64b604_262b6026b9d3450d8d956c2873ff0df8~mv2.jpeg
https://static.wixstatic.com/media/d9828b_e811e0a7eecc49b7bd69ec950941fc68~mv2.jpg,https://static.wixstatic.com/media/64b604_89794c2ed62144f8b0cce53bb9bf2a23~mv2.jpeg
https://static.wixstatic.com/media/d9828b_efba128250fb46a1bc057711831a345a~mv2.jpg,https://static.wixstatic.com/media/64b604_6f3b13e8bbd349f08d4d4cf641557285~mv2.jpeg
https://static.wixstatic.com/media/d9828b_f5f8ccdce42b42ebb637ce94c617be3c~mv2.jpg,https://static.wixstatic.com/media/64b604_9848993bc0ac462ebc34dfaf46c27e15~mv2.jpeg
https://static.wixstatic.com/media/d9828b_f8f1cd124e0c44e2a09c7faaf202d162~mv2.jpg,https://static.wixstatic.com/media/64b604_5f5afd2ffaac449d835ef226329f2470~mv2.jpeg
https://static.wixstatic.com/media/d9828b_fdbe800b3cf640c3bb5de8f0cd051ef8~mv2.jpg,https://static.wixstatic.com/media/64b604_c53805e63cfc4e6ea8185865e9574cab~mv2.jpeg
https://static.wixstatic.com/media/d9828b_306c4bfaf6f4441794225be6d0539ebf~mv2.jpg,https://static.wixstatic.com/media/64b604_7dd1ee048f4a4f4da03929684c10f0df~mv2.jpeg
https://static.wixstatic.com/media/d9828b_0bf2c515cb5b4ea3a5fcd8ad7ddc578f~mv2.jpg,https://static.wixstatic.com/media/64b604_a7838173795244158e24820624faab35~mv2.jpeg
https://static.wixstatic.com/media/d9828b_2af4db31a5a04cc1862b4fcccf4253c6~mv2.jpg,https://static.wixstatic.com/media/64b604_653141e385664a22be517652a43bd2c8~mv2.jpeg
https://static.wixstatic.com/media/d9828b_35189cd103d340e58a70f423c3b4e547~mv2.jpg,https://static.wixstatic.com/media/64b604_6686006d805c43ca8145dfd97881a8e5~mv2.jpeg
https://static.wixstatic.com/media/d9828b_4d82c209197e49b88109808ba4d1d06e~mv2.jpg,https://static.wixstatic.com/media/64b604_3946fac899f44200b42d3200d44dd6a0~mv2.jpeg
https://static.wixstatic.com/media/d9828b_876ad9b51295484cbca1ebdc1070c5a9~mv2.jpg,https://static.wixstatic.com/media/64b604_0d5e591a641446a499455d0585d48156~mv2.jpeg
https://static.wixstatic.com/media/d9828b_b1f86ac0dbcb4d2a88b7e19e0b96b1c0~mv2.jpg,https://static.wixstatic.com/media/64b604_afe397eeb85c4b3aa60cc7a6bfb012a6~mv2.jpeg
https://static.wixstatic.com/media/d9828b_36784124e48e492fa47b1f62387f299d~mv2.jpg,https://static.wixstatic.com/media/64b604_64b30ea300bc4f64bdde90927e911300~mv2.jpeg
https://static.wixstatic.com/media/d9828b_57441ebdacf14938bc194de17fc407bc~mv2.jpg,https://static.wixstatic.com/media/64b604_eb4da5f61a704c79a3342d1545060d6e~mv2.jpeg
https://static.wixstatic.com/media/d9828b_7c79021604dc46b2bbaeb92abc50c902~mv2.jpg,https://static.wixstatic.com/media/64b604_4158aa31afc24ad09ae12a938f99708d~mv2.jpeg
https://static.wixstatic.com/media/d9828b_9d00e22f42dd41d492135b70271c69c1~mv2.jpg,https://static.wixstatic.com/media/64b604_c4a7357abb0040f5a6f04d9a6515daca~mv2.jpeg
https://static.wixstatic.com/media/d9828b_2a95ad14a0914176a865904e1884e657~mv2.jpg,https://static.wixstatic.com/media/64b604_3906ed17f5224d9fa1c8f9861e81a0f3~mv2.jpeg
https://static.wixstatic.com/media/d9828b_ab025074f3894a598e5afd1314097c73~mv2.jpg,https://static.wixstatic.com/media/64b604_4e558446595b45a0af73e4b76e70c52f~mv2.jpeg
https://static.wixstatic.com/media/d9828b_b46b5158a3174b7cb937d3027649a2b6~mv2.jpg,https://static.wixstatic.com/media/64b604_858943598a854afb9c8425a4d8cbf989~mv2.jpeg
https://static.wixstatic.com/media/d9828b_e3c4a6fda0494d6bb316a7a0f9fa7e4c~mv2.jpg,https://static.wixstatic.com/media/64b604_cd008bba65e24dd8872741a62163c56f~mv2.jpeg
https://static.wixstatic.com/media/d9828b_ca90b7c7d5c6454da22fb6d25a60368d~mv2.jpg,https://static.wixstatic.com/media/64b604_3a8de9c0522f41b89d9d7f2d79b23c5c~mv2.jpeg
https://static.wixstatic.com/media/d9828b_f6299d31198c47b68b969c7cde81b774~mv2.jpg,https://static.wixstatic.com/media/64b604_910c301d13d84764bd60dfb6daa6c688~mv2.jpeg
https://static.wixstatic.com/media/d9828b_8c5afa67ba15466bb79e3cf1b9dd6dea~mv2.jpg,https://static.wixstatic.com/media/64b604_bbfaa84d83bf4e4fbc97b5a799f76d18~mv2.jpeg
https://static.wixstatic.com/media/d9828b_34c2c2d6204b48208bc504eeccaddbe1~mv2.jpg,https://static.wixstatic.com/media/64b604_a21b55c6f877419786e840f45bf95572~mv2.jpeg
https://static.wixstatic.com/media/d9828b_0455e8407f6541949b2dcc903963658d~mv2.jpg,https://static.wixstatic.com/media/64b604_91b6e1c18d8a46cc85a483e5a1241a70~mv2.jpeg
https://static.wixstatic.com/media/d9828b_b3ecec171e48430299031fa6b78ca421~mv2.jpg,https://static.wixstatic.com/media/64b604_881b7744532f4dec9d1e1e3c77ae4895~mv2.jpeg
https://static.wixstatic.com/media/d9828b_9030fd1000a44871b03d4fe2c99b452b~mv2.jpg,https://static.wixstatic.com/media/64b604_c55fd3a9c1dc4c539ecd6c8fd122b8ef~mv2.jpeg
https://static.wixstatic.com/media/d9828b_35c2aaf1c758458e928eaa2157536cfe~mv2.jpg,https://static.wixstatic.com/media/64b604_1e6e8549af8943e8b5befb43f2897f08~mv2.jpeg
https://static.wixstatic.com/media/d9828b_b57569340eec442ea468a793a6b2988e~mv2.jpg,https://static.wixstatic.com/media/64b604_3c55d63f4a7b4319b594d20b039b8db6~mv2.jpeg
https://static.wixstatic.com/media/d9828b_13efe82327b44fd89d33e19ba9effff7~mv2.jpg,https://static.wixstatic.com/media/64b604_25fde7f6758a49dd851071c9abd87170~mv2.jpeg
https://static.wixstatic.com/media/d9828b_9ee8fc9439d14479bd1ce2f6b38ced93~mv2.jpg,https://static.wixstatic.com/media/64b604_e35f9b98ece94f1982d7694839202499~mv2.jpeg
https://static.wixstatic.com/media/d9828b_69ca76e6b63f4e2789cc2d106a7b53bd~mv2.jpg,https://static.wixstatic.com/media/64b604_497da841561245b499e741aa3644281a~mv2.jpeg
https://static.wixstatic.com/media/d9828b_2a412b4028ac489babbe91741a6c89f8~mv2.jpg,https://static.wixstatic.com/media/64b604_cc0a3462b8f84d09b56fab988b4596e6~mv2.jpeg
https://static.wixstatic.com/media/d9828b_c0637e6df9bb41f5bfcf1e2612f0bfb0~mv2.jpg,https://static.wixstatic.com/media/64b604_fbcfe09e11f646d6835681bad275e5ed~mv2.jpeg
https://static.wixstatic.com/media/d9828b_df90bec125d040e5a611f7125dde301f~mv2.jpg,https://static.wixstatic.com/media/64b604_c29086b2c47b415da31cccfd859bf630~mv2.jpeg
https://static.wixstatic.com/media/d9828b_baf18e234aa34b18980572b95028426b~mv2.jpg,https://static.wixstatic.com/media/64b604_dd00f679c8c9445f94ec47894a019dcb~mv2.jpeg
https://static.wixstatic.com/media/d9828b_c41662006d914f3ba7e4f0e1ed165bd7~mv2.jpg,https://static.wixstatic.com/media/64b604_969b03153ead4c8aa08023963bc2cd41~mv2.jpeg
https://static.wixstatic.com/media/d9828b_3166ddcf04a04064a471c6bbfe87382c~mv2.jpg,https://static.wixstatic.com/media/64b604_f062d7adfd6845ae924de98893a0b232~mv2.jpeg
https://static.wixstatic.com/media/d9828b_9abd5501d84b489ba790296b84b6eb24~mv2.jpg,https://static.wixstatic.com/media/64b604_e5043b2fe8b64d6d80038f6ecbbbba21~mv2.jpeg
https://static.wixstatic.com/media/d9828b_4355b73fbdfc4c6b98129bcc17cd819c~mv2.jpg,https://static.wixstatic.com/media/64b604_e2bd4ec4dfae416990a86602eb2ff1c6~mv2.jpeg
https://static.wixstatic.com/media/d9828b_22e22f1be3984453ae4ef71390c142f3~mv2.jpg,https://static.wixstatic.com/media/64b604_231bbe11af204d2c84c6d8ee21942bd2~mv2.jpeg
https://static.wixstatic.com/media/d9828b_f180c3ba99824197b79d67e0fe0532e7~mv2.jpg,https://static.wixstatic.com/media/64b604_e80fbedcc339475ebb405330d6b74ca0~mv2.jpeg
https://static.wixstatic.com/media/d9828b_926314162ba346a98a87159eab100cd6~mv2.jpg,https://static.wixstatic.com/media/64b604_99efbbc4ccac41e38ba8453262e4bcdd~mv2.jpeg
https://static.wixstatic.com/media/d9828b_bba14893f433415bb9b9679100411342~mv2.jpg,https://static.wixstatic.com/media/64b604_b72220dcdd1044ce9240db2afd3e8382~mv2.jpeg
https://static.wixstatic.com/media/d9828b_00ce58c2f5314d69b43ee11c542eb6a0~mv2.jpg,https://static.wixstatic.com/media/64b604_b37e33f5a0e9416bb3137b40e8e0805a~mv2.jpeg
https://static.wixstatic.com/media/d9828b_bc45d17f945448b1812670ea80c02ef4~mv2.jpg,https://static.wixstatic.com/media/64b604_2c39b2f476b148d8a0c844951df2b93f~mv2.jpeg
https://static.wixstatic.com/media/d9828b_1fc92bdf8718471a9668ed27a57e375d~mv2.jpg,https://static.wixstatic.com/media/64b604_76bbff0a2dd4455c926fc452585bde1e~mv2.jpeg
https://static.wixstatic.com/media/d9828b_2c6ea6fde30c4efaa27a584228419ccf~mv2.jpg,https://static.wixstatic.com/media/64b604_4b6a317be8a4484d8492b4a1e17b771e~mv2.jpeg
https://static.wixstatic.com/media/d9828b_d6ba18b3befb42698f3bb822ef3f3697~mv2.jpg,https://static.wixstatic.com/media/64b604_cb0a8265fe0c4420b0a1ad624b0abed1~mv2.jpeg
https://static.wixstatic.com/media/d9828b_20c157ac3593408590875ca8af8cbff4~mv2.jpg,https://static.wixstatic.com/media/64b604_05cb01c05e594b8b90dc9c121d3e2046~mv2.jpeg
https://static.wixstatic.com/media/d9828b_b0aea22a1f19478ebbb8c78864e49127~mv2.jpg,https://static.wixstatic.com/media/64b604_649ef8e05c0747b5b8f189cd1b615c0e~mv2.jpeg
https://static.wixstatic.com/media/d9828b_b38ed3c91376436591bf2a8ab29c1939~mv2.jpg,https://static.wixstatic.com/media/64b604_7f48637281c241469793bf02f0db2ce3~mv2.jpeg
https://static.wixstatic.com/media/d9828b_14ea6400b0ee482fbbd51ee766043f20~mv2.jpg,https://static.wixstatic.com/media/64b604_18c42f4ccd5542ecb9786f8e560de303~mv2.jpeg
https://static.wixstatic.com/media/d9828b_336394c154e444e58cc7f42a0457cb2d~mv2.jpg,https://static.wixstatic.com/media/64b604_5e1df9eb46c64a41b3f2611a74ffad51~mv2.jpeg
https://static.wixstatic.com/media/d9828b_cc5b74c93a8d4b50879660e886422397~mv2.jpg,https://static.wixstatic.com/media/64b604_16a58ea46a7c45ada89f8289eeead560~mv2.jpeg
https://static.wixstatic.com/media/d9828b_fb7d64f798b54d848efd1732c811a161~mv2.jpg,https://static.wixstatic.com/media/64b604_55596bcc1f0047c2a8aec1729bde4e2f~mv2.jpeg
https://static.wixstatic.com/media/d9828b_4c98a53e666e4038989e0d97f9505a4d~mv2.jpg,https://static.wixstatic.com/media/64b604_0fe6d94bd58d405492ebf6031a7d86b9~mv2.jpeg
https://static.wixstatic.com/media/d9828b_ca96039da5c04a7398ad617539ae6332~mv2.jpg,https://static.wixstatic.com/media/64b604_e516178e38854a49a7f042dd4e13a49c~mv2.jpeg
https://static.wixstatic.com/media/d9828b_2a4fa5c04faa40679e174859cd5d85e2~mv2.jpg,https://static.wixstatic.com/media/64b604_b9e77a3f82114c5c8c7cfb97a73d614c~mv2.jpeg
https://static.wixstatic.com/media/d9828b_a319ea1e36754c9bbd2ed2e8f91096e2~mv2.jpg,https://static.wixstatic.com/media/64b604_9201bcf6490b49a69b2e653e38353ffe~mv2.jpeg
https://static.wixstatic.com/media/d9828b_f4475b15e1f64222b0241389b00f9773~mv2.jpg,https://static.wixstatic.com/media/64b604_3512b28a4de94d2e945acb112bdc814e~mv2.jpeg
https://static.wixstatic.com/media/d9828b_d639b6cbb2c8492090a6a4ff9ae2e9db~mv2.jpg,https://static.wixstatic.com/media/64b604_c40922155ac94e0599282de399bb8d7a~mv2.jpeg
